19:0,19:0,19:0,19:0,19:0,19:0,19:0,19:0,19:0,19:0,19:0,19:0,19:0,19:0,19:0,19:0,19:0,19:0,19:0,19:0,19:0,19:0,19:0,19:0,19:0,19:0,19:0,19:0,19:0,19:0,19:0,19:0
19:0,19:0,19:0,19:0,19:0,19:0,19:0,19:0,19:0,19:0,19:0,19:0,19:0,19:0,19:0,19:0,19:0,19:0,19:0,19:0,19:0,19:0,19:0,19:0,19:0,19:0,19:0,19:0,19:0,19:0,19:0,19:0
19:0,19:0,19:0,19:0,19:0,19:0,19:0,19:0,19:0,19:0,19:0,19:0,19:0,19:0,19:0,19:0,19:0,19:0,19:0,19:0,19:0,19:0,19:0,19:0,19:0,19:0,19:0,19:0,19:0,19:0,19:0,19:0
19:0,19:0,19:0,19:0,19:0,19:0,19:0,19:0,19:0,19:0,19:0,19:0,19:0,19:0,19:0,19:0,19:0,19:0,19:0,19:0,19:0,19:0,19:0,19:0,19:0,19:0,19:0,19:0,19:0,19:0,19:0,19:0
19:0,19:0,19:0,19:0,19:0,19:0,19:0,19:0,19:0,19:0,19:0,19:0,19:0,19:0,19:0,19:0,19:0,19:0,19:0,19:0,19:0,19:0,19:0,19:0,19:0,19:0,19:0,19:0,19:0,19:0,19:0,19:0
19:0,19:0,19:0,19:0,19:0,19:0,19:0,19:0,19:0,19:0,19:0,19:0,19:0,19:0,19:0,19:0,19:0,19:0,19:0,19:0,19:0,19:0,19:0,19:0,19:0,19:0,19:0,19:0,19:0,19:0,19:0,19:0
19:0,19:0,19:0,19:0,19:0,19:0,19:0,19:0,19:0,19:0,19:0,19:0,19:0,19:0,19:0,19:0,19:0,19:0,19:0,19:0,19:0,19:0,19:0,19:0,19:0,19:0,19:0,19:0,19:0,19:0,19:0,35:8
19:0,19:0,19:0,19:0,19:0,19:0,19:0,5:1,5:1,5:1,5:1,19:0,19:0,19:0,19:0,19:0,19:0,19:0,19:0,19:0,19:0,19:0,5:1,5:1,5:1,5:1,19:0,19:0,19:0,19:0,19:0,35:8
19:0,19:0,19:0,19:0,19:0,19:0,19:0,5:1,5:1,5:1,5:1,19:0,19:0,19:0,19:0,19:0,19:0,19:0,19:0,19:0,19:0,19:0,5:1,5:1,5:1,5:1,19:0,19:0,19:0,19:0,19:0,19:0
19:0,19:0,19:0,19:0,19:0,19:0,19:0,5:1,5:1,5:1,5:1,19:0,19:0,19:0,19:0,19:0,19:0,19:0,19:0,19:0,19:0,19:0,5:1,5:1,5:1,5:1,19:0,19:0,19:0,19:0,19:0,19:0
19:0,19:0,19:0,19:0,19:0,19:0,19:0,5:1,5:1,5:1,5:1,19:0,-104:0,19:0,19:0,19:0,19:0,19:0,19:0,19:0,-104:0,19:0,5:1,5:1,5:1,5:1,19:0,19:0,19:0,19:0,19:0,19:0
19:0,19:0,19:0,19:0,19:0,19:0,19:0,19:0,19:0,19:0,19:0,-104:0,19:0,19:0,44:13,44:13,44:13,44:13,44:13,19:0,19:0,-104:0,19:0,19:0,19:0,19:0,19:0,19:0,19:0,19:0,19:0,19:0
19:0,19:0,19:0,19:0,19:0,19:0,19:0,19:0,19:0,19:0,-104:0,19:0,19:0,44:13,44:13,44:0,44:8,44:0,44:13,44:13,19:0,19:0,-104:0,19:0,19:0,19:0,19:0,19:0,19:0,19:0,19:0,19:0
19:0,19:0,19:0,19:0,19:0,19:0,19:0,19:0,19:0,19:0,19:0,19:0,44:13,44:13,44:0,44:0,44:8,44:0,44:0,44:13,44:13,19:0,19:0,19:0,19:0,19:0,19:0,19:0,19:0,19:0,19:0,19:0
19:0,19:0,19:0,19:0,19:0,19:0,19:0,19:0,19:0,19:0,19:0,44:13,44:13,44:0,44:0,44:0,44:8,44:0,44:0,44:0,44:13,44:13,19:0,19:0,19:0,19:0,19:0,19:0,19:0,19:0,19:0,19:0
19:0,19:0,19:0,19:0,19:0,19:0,19:0,19:0,19:0,19:0,19:0,44:13,44:0,44:0,44:0,61:3,61:3,61:4,44:0,44:0,44:0,44:13,19:0,19:0,19:0,19:0,19:0,19:0,19:0,19:0,19:0,19:0
19:0,19:0,19:0,19:0,19:0,19:0,19:0,19:0,19:0,19:0,19:0,44:13,44:8,44:8,44:8,61:5,-119:0,61:4,44:8,44:8,44:8,44:13,19:0,19:0,19:0,19:0,19:0,19:0,19:0,19:0,19:0,19:0
19:0,19:0,19:0,19:0,19:0,19:0,19:0,19:0,19:0,19:0,19:0,44:13,44:0,44:0,44:0,61:5,61:2,61:4,44:0,44:0,44:0,44:13,19:0,19:0,19:0,19:0,19:0,19:0,19:0,19:0,19:0,19:0
19:0,19:0,19:0,19:0,19:0,19:0,19:0,19:0,19:0,19:0,19:0,44:13,44:13,44:0,44:0,44:0,44:8,44:0,44:0,44:0,44:13,44:13,19:0,19:0,19:0,19:0,19:0,19:0,19:0,19:0,19:0,19:0
19:0,19:0,19:0,19:0,19:0,19:0,19:0,19:0,19:0,19:0,19:0,19:0,44:13,44:13,44:0,44:0,44:8,44:0,44:0,44:13,44:13,19:0,19:0,19:0,19:0,19:0,19:0,19:0,19:0,19:0,19:0,19:0
19:0,19:0,19:0,19:0,19:0,19:0,19:0,19:0,19:0,19:0,-104:0,19:0,19:0,44:13,44:13,44:0,44:8,44:0,44:13,44:13,19:0,19:0,-104:0,19:0,19:0,19:0,19:0,19:0,19:0,19:0,19:0,19:0
19:0,19:0,19:0,19:0,19:0,19:0,19:0,19:0,19:0,19:0,19:0,-104:0,19:0,19:0,44:13,44:13,44:13,44:13,44:13,19:0,19:0,-104:0,19:0,19:0,19:0,19:0,19:0,19:0,19:0,19:0,19:0,19:0
19:0,19:0,19:0,19:0,19:0,19:0,19:0,5:1,5:1,5:1,5:1,19:0,-104:0,19:0,19:0,19:0,19:0,19:0,19:0,19:0,-104:0,19:0,5:1,5:1,5:1,5:1,19:0,19:0,19:0,19:0,19:0,35:8
19:0,19:0,19:0,19:0,19:0,19:0,19:0,5:1,5:1,5:1,5:1,19:0,19:0,19:0,19:0,19:0,19:0,19:0,19:0,19:0,19:0,19:0,5:1,5:1,5:1,5:1,19:0,19:0,19:0,19:0,19:0,35:8
19:0,19:0,19:0,19:0,19:0,19:0,19:0,5:1,5:1,5:1,5:1,19:0,19:0,19:0,19:0,19:0,19:0,19:0,19:0,19:0,19:0,19:0,5:1,5:1,5:1,5:1,19:0,19:0,19:0,19:0,19:0,19:0
19:0,19:0,19:0,19:0,19:0,19:0,19:0,5:1,5:1,5:1,5:1,19:0,19:0,19:0,19:0,19:0,19:0,19:0,19:0,19:0,19:0,19:0,5:1,5:1,5:1,5:1,19:0,19:0,19:0,19:0,19:0,19:0
19:0,19:0,19:0,19:0,19:0,19:0,19:0,19:0,19:0,19:0,19:0,19:0,19:0,19:0,19:0,19:0,19:0,19:0,19:0,19:0,19:0,19:0,19:0,19:0,19:0,19:0,19:0,19:0,19:0,19:0,19:0,19:0
19:0,19:0,19:0,19:0,19:0,19:0,19:0,19:0,19:0,19:0,19:0,19:0,19:0,19:0,19:0,19:0,19:0,19:0,19:0,19:0,19:0,19:0,19:0,19:0,19:0,19:0,19:0,19:0,19:0,19:0,19:0,19:0
19:0,19:0,19:0,19:0,19:0,19:0,19:0,19:0,19:0,19:0,19:0,19:0,19:0,19:0,19:0,19:0,19:0,19:0,19:0,19:0,19:0,19:0,19:0,19:0,19:0,19:0,19:0,19:0,19:0,19:0,19:0,19:0
19:0,19:0,19:0,19:0,19:0,19:0,19:0,19:0,19:0,19:0,19:0,19:0,19:0,19:0,19:0,19:0,19:0,19:0,19:0,19:0,19:0,19:0,19:0,19:0,19:0,19:0,19:0,19:0,19:0,19:0,19:0,19:0
19:0,19:0,19:0,19:0,19:0,19:0,19:0,19:0,19:0,19:0,19:0,19:0,19:0,19:0,19:0,19:0,19:0,19:0,19:0,19:0,19:0,19:0,19:0,19:0,19:0,19:0,19:0,19:0,19:0,19:0,19:0,19:0
19:0,19:0,19:0,19:0,19:0,19:0,19:0,19:0,19:0,35:8,35:8,19:0,19:0,19:0,19:0,19:0,19:0,19:0,19:0,19:0,19:0,19:0,19:0,19:0,19:0,35:8,35:8,19:0,19:0,19:0,19:0,19:0
19:0,19:0,19:0,19:0,19:0,19:0,19:0,35:8,35:8,35:8,19:0,19:0,19:0,19:0,19:0,19:0,19:0,19:0,19:0,19:0,19:0,19:0,19:0,35:8,35:8,35:8,19:0,19:0,19:0,19:0,19:0,19:0
19:0,19:0,19:0,19:0,19:0,19:0,19:0,35:8,35:8,19:0,19:0,19:0,19:0,19:0,19:0,19:0,19:0,19:0,19:0,19:0,19:0,19:0,19:0,35:8,35:8,19:0,19:0,19:0,19:0,19:0,19:0,19:0
19:0,19:0,19:0,19:0,19:0,19:0,19:0,19:0,35:8,19:0,19:0,19:0,19:0,19:0,19:0,19:0,19:0,19:0,19:0,19:0,19:0,19:0,19:0,19:0,35:8,19:0,19:0,19:0,19:0,19:0,19:0,19:0
19:0,19:0,19:0,19:0,19:0,19:0,19:0,19:0,19:0,19:0,19:0,19:0,19:0,19:0,19:0,19:0,19:0,19:0,19:0,19:0,19:0,19:0,19:0,19:0,19:0,19:0,19:0,19:0,19:0,19:0,19:0,19:0
19:0,19:0,19:0,19:0,19:0,19:0,19:0,19:0,19:0,19:0,19:0,19:0,19:0,19:0,19:0,19:0,19:0,19:0,19:0,19:0,19:0,19:0,19:0,19:0,19:0,19:0,19:0,19:0,19:0,19:0,19:0,19:0
19:0,19:0,19:0,19:0,19:0,19:0,19:0,19:0,19:0,19:0,19:0,19:0,19:0,19:0,19:0,19:0,19:0,19:0,19:0,19:0,19:0,19:0,19:0,19:0,19:0,19:0,19:0,19:0,19:0,19:0,35:8,35:8
19:0,19:0,19:0,19:0,19:0,19:0,19:0,35:7,35:7,35:7,35:7,19:0,19:0,19:0,19:0,19:0,19:0,19:0,19:0,19:0,19:0,19:0,35:7,35:7,35:7,35:7,19:0,19:0,19:0,19:0,35:8,93:12
35:8,19:0,19:0,19:0,19:0,19:0,35:7,76:5,55:15,55:14,0:0,35:7,19:0,19:0,19:0,19:0,19:0,19:0,19:0,19:0,19:0,35:7,-107:2,55:0,-98:12,76:5,35:7,19:0,19:0,19:0,35:8,93:12
35:8,35:8,35:8,19:0,19:0,19:0,35:7,-107:10,55:14,93:3,34:2,35:7,19:0,69:12,19:0,69:12,19:0,19:0,69:12,19:0,19:0,35:7,0:0,93:1,77:3,55:15,35:7,19:0,19:0,19:0,35:8,35:8
35:8,35:8,19:0,19:0,19:0,19:0,35:7,55:15,94:1,55:15,33:10,35:7,35:7,124:0,124:0,124:0,124:0,124:0,124:0,124:0,35:7,35:7,34:2,76:5,-107:2,55:14,35:7,19:0,19:0,19:0,19:0,35:8
19:0,19:0,19:0,19:0,19:0,19:0,35:7,44:8,-98:5,0:0,-107:0,35:7,124:0,35:7,35:7,35:7,35:7,35:7,35:7,35:7,124:0,35:7,33:10,94:3,55:12,55:13,35:7,19:0,19:0,19:0,19:0,19:0
19:0,19:0,19:0,19:0,19:0,19:0,19:0,35:7,35:7,35:7,35:7,124:0,35:7,35:7,55:14,55:15,76:5,55:15,55:14,35:7,35:7,124:0,35:7,35:7,35:7,35:7,19:0,19:0,19:0,19:0,19:0,19:0
19:0,19:0,19:0,19:0,19:0,19:0,19:0,19:0,19:0,69:10,124:0,35:7,35:7,55:12,55:13,0:0,55:15,0:0,55:13,55:12,35:7,35:7,124:0,35:7,19:0,19:0,19:0,19:0,19:0,19:0,19:0,19:0
19:0,19:0,19:0,19:0,19:0,19:0,19:0,19:0,19:0,124:0,35:7,35:7,44:5,0:0,0:0,0:0,94:2,0:0,0:0,55:11,55:12,35:7,35:7,124:0,19:0,19:0,19:0,19:0,19:0,19:0,19:0,19:0
19:0,19:0,19:0,19:0,19:0,19:0,19:0,19:0,69:10,124:0,35:7,44:5,0:0,0:0,0:0,0:0,55:15,0:0,0:0,0:0,55:13,55:14,35:7,124:0,69:9,19:0,19:0,19:0,19:0,19:0,19:0,19:0
19:0,19:0,19:0,19:0,19:0,19:0,19:0,19:0,19:0,124:0,35:7,55:15,0:0,0:0,0:0,101:0,101:0,101:0,0:0,0:0,0:0,55:15,35:7,124:0,19:0,19:0,19:0,19:0,19:0,19:0,19:0,19:0
19:0,19:0,19:0,19:0,19:0,19:0,19:0,19:0,19:0,124:0,35:7,76:5,55:15,94:1,55:15,101:0,0:0,101:0,55:15,94:3,55:15,76:5,35:7,124:0,19:0,19:0,19:0,19:0,19:0,19:0,19:0,19:0
19:0,19:0,19:0,19:0,19:0,19:0,19:0,19:0,69:10,124:0,35:7,55:15,0:0,0:0,0:0,101:0,101:0,101:0,0:0,0:0,0:0,55:15,35:7,124:0,69:9,19:0,19:0,19:0,19:0,19:0,19:0,19:0
19:0,19:0,19:0,19:0,19:0,19:0,19:0,19:0,19:0,124:0,35:7,55:14,55:13,0:0,0:0,0:0,55:15,0:0,0:0,0:0,55:13,55:14,35:7,124:0,19:0,19:0,19:0,19:0,19:0,19:0,19:0,19:0
19:0,19:0,19:0,19:0,19:0,19:0,19:0,19:0,69:10,124:0,35:7,35:7,55:12,55:11,0:0,0:0,94:0,0:0,0:0,55:11,55:12,35:7,35:7,124:0,69:9,19:0,19:0,19:0,19:0,19:0,19:0,19:0
19:0,19:0,19:0,19:0,19:0,19:0,19:0,19:0,19:0,35:7,124:0,35:7,35:7,55:12,55:13,0:0,55:15,0:0,55:13,55:12,35:7,35:7,124:0,35:7,19:0,19:0,19:0,19:0,19:0,19:0,19:0,19:0
19:0,19:0,19:0,19:0,19:0,19:0,19:0,35:7,35:7,35:7,35:7,124:0,35:7,35:7,55:14,55:15,76:5,55:15,55:14,35:7,35:7,124:0,35:7,35:7,35:7,35:7,19:0,19:0,19:0,19:0,35:8,35:8
19:0,19:0,19:0,19:0,19:0,19:0,35:7,0:0,33:11,76:5,55:15,35:7,124:0,35:7,35:7,35:7,35:7,35:7,35:7,35:7,124:0,35:7,55:15,76:5,-98:11,-107:5,35:7,19:0,19:0,19:0,35:8,93:12
35:8,19:0,19:0,19:0,19:0,19:0,35:7,93:3,34:3,94:3,55:14,35:7,35:7,124:0,124:0,124:0,124:0,124:0,124:0,124:0,35:7,35:7,55:14,55:15,-107:0,55:14,35:7,19:0,19:0,19:0,35:8,93:12
35:8,35:8,35:8,19:0,19:0,19:0,35:7,76:5,0:0,-98:4,55:13,35:7,19:0,69:11,19:0,69:11,19:0,19:0,69:11,19:0,19:0,35:7,-107:14,34:2,55:14,55:15,35:7,19:0,19:0,19:0,35:8,35:8
35:8,35:8,19:0,19:0,19:0,19:0,35:7,55:15,55:14,-107:4,55:12,35:7,19:0,19:0,19:0,19:0,19:0,19:0,19:0,19:0,19:0,35:7,55:14,33:10,-107:11,76:5,35:7,19:0,19:0,19:0,19:0,35:8
19:0,19:0,19:0,19:0,19:0,19:0,19:0,35:7,35:7,35:7,35:7,19:0,19:0,19:0,19:0,19:0,19:0,19:0,19:0,19:0,19:0,19:0,35:7,35:7,35:7,35:7,19:0,19:0,19:0,19:0,19:0,19:0
19:0,19:0,19:0,19:0,19:0,19:0,19:0,19:0,19:0,19:0,19:0,19:0,19:0,19:0,19:0,19:0,19:0,19:0,19:0,19:0,19:0,19:0,19:0,19:0,19:0,19:0,19:0,19:0,19:0,19:0,19:0,19:0
19:0,19:0,19:0,19:0,19:0,19:0,19:0,19:0,19:0,19:0,19:0,19:0,19:0,19:0,19:0,19:0,19:0,19:0,19:0,19:0,19:0,19:0,19:0,19:0,19:0,19:0,19:0,19:0,19:0,19:0,19:0,19:0
19:0,19:0,19:0,19:0,19:0,19:0,19:0,19:0,19:0,19:0,19:0,19:0,19:0,19:0,19:0,19:0,19:0,19:0,19:0,19:0,19:0,19:0,19:0,19:0,19:0,19:0,19:0,19:0,19:0,19:0,19:0,19:0
19:0,19:0,19:0,19:0,19:0,19:0,19:0,19:0,35:8,35:8,35:8,35:8,19:0,19:0,19:0,19:0,19:0,19:0,19:0,19:0,19:0,19:0,19:0,19:0,35:8,35:8,35:8,35:8,19:0,19:0,19:0,19:0
19:0,19:0,19:0,19:0,19:0,19:0,19:0,35:8,35:8,93:13,93:13,35:8,19:0,19:0,19:0,19:0,19:0,19:0,19:0,19:0,19:0,19:0,19:0,35:8,35:8,93:13,93:13,35:8,19:0,19:0,19:0,19:0
19:0,19:0,19:0,19:0,19:0,19:0,19:0,55:0,29:9,55:15,76:2,35:8,19:0,19:0,19:0,19:0,19:0,19:0,19:0,19:0,19:0,19:0,19:0,55:0,29:9,55:15,76:2,35:8,19:0,19:0,19:0,19:0
19:0,19:0,19:0,19:0,19:0,19:0,19:0,55:0,55:0,19:0,19:0,19:0,19:0,19:0,19:0,19:0,19:0,19:0,19:0,19:0,19:0,19:0,19:0,55:0,55:0,19:0,19:0,19:0,19:0,19:0,19:0,19:0
19:0,19:0,19:0,19:0,19:0,19:0,19:0,19:0,55:0,19:0,19:0,19:0,19:0,19:0,19:0,19:0,19:0,19:0,19:0,19:0,19:0,19:0,19:0,19:0,55:0,19:0,19:0,19:0,19:0,19:0,19:0,19:0
19:0,19:0,19:0,19:0,19:0,19:0,19:0,19:0,19:0,19:0,19:0,19:0,19:0,19:0,19:0,19:0,19:0,19:0,19:0,19:0,19:0,19:0,19:0,19:0,19:0,19:0,19:0,19:0,19:0,19:0,19:0,19:0
19:0,19:0,19:0,19:0,19:0,19:0,19:0,19:0,19:0,19:0,19:0,19:0,19:0,19:0,19:0,19:0,19:0,19:0,19:0,19:0,19:0,19:0,19:0,19:0,19:0,19:0,19:0,19:0,19:0,19:0,19:0,19:0
35:8,19:0,19:0,19:0,19:0,19:0,19:0,19:0,19:0,19:0,19:0,19:0,19:0,19:0,19:0,19:0,19:0,19:0,19:0,19:0,19:0,19:0,19:0,19:0,19:0,19:0,19:0,19:0,19:0,19:0,55:0,55:0
76:3,19:0,19:0,19:0,19:0,19:0,19:0,35:7,35:7,35:7,35:7,19:0,19:0,19:0,19:0,19:0,19:0,19:0,19:0,19:0,19:0,19:0,35:7,35:7,35:7,35:7,19:0,19:0,19:0,19:0,93:0,19:0
55:15,19:0,19:0,19:0,19:0,19:0,35:7,0:0,0:0,0:0,0:0,35:7,19:0,19:0,19:0,19:0,19:0,19:0,19:0,19:0,19:0,35:7,0:0,0:0,55:0,0:0,35:7,19:0,19:0,19:0,55:0,19:0
29:9,55:0,55:0,19:0,19:0,19:0,35:7,0:0,0:0,0:0,0:0,35:7,19:0,19:0,19:0,19:0,19:0,19:0,19:0,19:0,19:0,35:7,0:0,0:0,0:0,0:0,35:7,19:0,19:0,19:0,55:0,55:0
55:0,55:0,19:0,19:0,19:0,19:0,35:7,0:0,0:0,0:0,0:0,35:7,109:5,109:7,109:7,109:7,109:7,109:7,109:7,109:7,109:4,35:7,0:0,0:0,0:0,0:0,35:7,19:0,19:0,19:0,19:0,55:0
19:0,19:0,19:0,19:0,19:0,19:0,35:7,55:15,76:5,0:0,35:7,0:0,0:0,0:0,0:0,0:0,54:3,0:0,0:0,0:0,0:0,35:7,35:7,0:0,0:0,0:0,35:7,19:0,19:0,19:0,19:0,19:0
19:0,19:0,19:0,19:0,19:0,19:0,19:0,35:7,35:7,35:7,35:7,0:0,0:0,0:0,0:0,0:0,0:0,0:0,0:0,0:0,0:0,0:0,35:7,35:7,35:7,35:7,19:0,19:0,19:0,19:0,19:0,19:0
19:0,19:0,19:0,19:0,19:0,19:0,19:0,19:0,19:0,35:7,44:13,0:0,0:0,0:0,0:0,0:0,0:0,0:0,0:0,0:0,0:0,0:0,0:0,109:7,19:0,19:0,19:0,19:0,19:0,19:0,19:0,19:0
19:0,19:0,19:0,19:0,19:0,19:0,19:0,19:0,19:0,35:7,44:5,0:0,0:0,0:0,0:0,0:0,0:0,0:0,0:0,0:0,0:0,0:0,0:0,109:4,19:0,19:0,19:0,19:0,19:0,19:0,19:0,19:0
19:0,19:0,19:0,19:0,19:0,19:0,19:0,19:0,19:0,109:5,0:0,0:0,0:0,0:0,0:0,0:0,0:0,0:0,0:0,0:0,0:0,0:0,0:0,109:4,19:0,19:0,19:0,19:0,19:0,19:0,19:0,19:0
19:0,19:0,19:0,19:0,19:0,19:0,19:0,19:0,19:0,109:5,0:0,0:0,0:0,0:0,0:0,101:0,101:0,101:0,0:0,0:0,0:0,0:0,0:0,109:4,19:0,19:0,19:0,19:0,19:0,19:0,19:0,19:0
19:0,19:0,19:0,19:0,19:0,19:0,19:0,19:0,19:0,109:5,0:0,0:0,0:0,0:0,0:0,101:0,0:0,101:0,0:0,0:0,0:0,0:0,0:0,109:4,19:0,19:0,19:0,19:0,19:0,19:0,19:0,19:0
19:0,19:0,19:0,19:0,19:0,19:0,19:0,19:0,19:0,109:5,0:0,0:0,0:0,0:0,0:0,101:0,101:0,101:0,0:0,0:0,0:0,0:0,0:0,109:4,19:0,19:0,19:0,19:0,19:0,19:0,19:0,19:0
19:0,19:0,19:0,19:0,19:0,19:0,19:0,19:0,19:0,109:5,0:0,0:0,0:0,0:0,0:0,0:0,0:0,0:0,0:0,0:0,0:0,0:0,0:0,109:4,19:0,19:0,19:0,19:0,19:0,19:0,19:0,19:0
19:0,19:0,19:0,19:0,19:0,19:0,19:0,19:0,19:0,109:5,0:0,0:0,0:0,0:0,0:0,0:0,0:0,0:0,0:0,0:0,0:0,0:0,0:0,109:4,19:0,19:0,19:0,19:0,19:0,19:0,19:0,19:0
19:0,19:0,19:0,19:0,19:0,19:0,19:0,19:0,19:0,109:6,0:0,0:0,0:0,0:0,0:0,0:0,0:0,0:0,0:0,0:0,0:0,0:0,0:0,109:6,19:0,19:0,19:0,19:0,19:0,19:0,19:0,19:0
35:8,19:0,19:0,19:0,19:0,19:0,19:0,35:7,35:7,35:7,35:7,0:0,0:0,0:0,0:0,0:0,0:0,0:0,0:0,0:0,0:0,0:0,35:7,35:7,35:7,35:7,19:0,19:0,19:0,19:0,55:0,55:0
76:3,19:0,19:0,19:0,19:0,19:0,35:7,0:0,0:0,0:0,35:7,35:7,0:0,0:0,0:0,0:0,0:0,0:0,0:0,0:0,0:0,35:7,35:7,0:0,55:0,0:0,35:7,19:0,19:0,19:0,93:0,19:0
55:15,19:0,19:0,19:0,19:0,19:0,35:7,0:0,0:0,0:0,0:0,35:7,109:5,109:6,109:6,109:6,109:6,109:6,109:6,109:6,109:4,35:7,0:0,0:0,0:0,0:0,35:7,19:0,19:0,19:0,55:0,19:0
29:9,55:0,55:0,19:0,19:0,19:0,35:7,0:0,0:0,0:0,0:0,35:7,19:0,19:0,19:0,19:0,19:0,19:0,19:0,19:0,19:0,35:7,0:0,0:0,0:0,0:0,35:7,19:0,19:0,19:0,55:0,55:0
55:0,55:0,19:0,19:0,19:0,19:0,35:7,0:0,0:0,0:0,0:0,35:7,19:0,19:0,19:0,19:0,19:0,19:0,19:0,19:0,19:0,35:7,0:0,0:0,0:0,0:0,35:7,19:0,19:0,19:0,19:0,55:0
19:0,19:0,19:0,19:0,19:0,19:0,19:0,35:7,35:7,35:7,35:7,19:0,19:0,19:0,19:0,19:0,19:0,19:0,19:0,19:0,19:0,19:0,35:7,35:7,35:7,35:7,19:0,19:0,19:0,19:0,19:0,19:0
19:0,19:0,19:0,19:0,19:0,19:0,19:0,19:0,19:0,19:0,19:0,19:0,19:0,19:0,19:0,19:0,19:0,19:0,19:0,19:0,19:0,19:0,19:0,19:0,19:0,19:0,19:0,19:0,19:0,19:0,19:0,19:0
19:0,19:0,19:0,19:0,19:0,19:0,19:0,19:0,19:0,19:0,19:0,19:0,19:0,19:0,19:0,19:0,19:0,19:0,19:0,19:0,19:0,19:0,19:0,19:0,19:0,19:0,19:0,19:0,19:0,19:0,19:0,19:0
19:0,19:0,19:0,19:0,19:0,19:0,19:0,19:0,19:0,19:0,19:0,19:0,19:0,19:0,19:0,19:0,19:0,19:0,19:0,19:0,19:0,19:0,19:0,19:0,19:0,19:0,19:0,19:0,19:0,19:0,19:0,19:0
19:0,19:0,19:0,19:0,19:0,19:0,19:0,19:0,55:0,55:0,93:1,55:0,19:0,19:0,19:0,19:0,19:0,19:0,19:0,19:0,19:0,19:0,19:0,19:0,55:0,55:0,93:1,55:0,19:0,19:0,19:0,19:0
19:0,19:0,19:0,19:0,19:0,19:0,19:0,55:0,55:0,19:0,19:0,55:0,19:0,19:0,19:0,19:0,19:0,19:0,19:0,19:0,19:0,19:0,19:0,55:0,55:0,19:0,19:0,55:0,19:0,19:0,19:0,19:0
19:0,19:0,19:0,19:0,19:0,19:0,19:0,19:0,34:9,19:0,35:8,19:0,19:0,19:0,19:0,19:0,19:0,19:0,19:0,19:0,19:0,19:0,19:0,19:0,34:9,19:0,35:8,19:0,19:0,19:0,19:0,19:0
19:0,19:0,19:0,19:0,19:0,19:0,35:8,35:8,35:8,35:8,35:8,19:0,19:0,19:0,19:0,19:0,19:0,19:0,19:0,19:0,19:0,19:0,35:8,35:8,35:8,35:8,35:8,19:0,19:0,19:0,19:0,19:0
19:0,19:0,19:0,19:0,19:0,19:0,35:8,35:8,35:8,35:8,35:8,35:8,19:0,19:0,19:0,19:0,35:8,19:0,19:0,19:0,19:0,35:8,35:8,35:8,35:8,35:8,35:8,19:0,19:0,19:0,19:0,19:0
19:0,19:0,19:0,19:0,19:0,35:8,35:8,35:8,35:8,35:8,35:8,35:8,35:8,19:0,19:0,35:8,35:8,35:8,19:0,19:0,35:8,35:8,35:8,35:8,35:8,35:8,35:8,35:8,19:0,19:0,19:0,19:0
19:0,19:0,19:0,19:0,19:0,19:0,35:8,35:8,35:8,35:8,35:8,35:8,35:8,19:0,19:0,35:8,35:8,35:8,19:0,19:0,35:8,35:8,35:8,35:8,35:8,35:8,35:8,19:0,19:0,19:0,19:0,19:0
19:0,19:0,19:0,35:8,19:0,19:0,35:8,35:8,35:8,35:8,35:8,35:8,35:8,35:8,35:8,35:8,35:8,35:8,35:8,35:8,35:8,35:8,35:8,35:8,35:8,35:8,35:8,19:0,19:0,35:8,19:0,19:0
35:8,35:8,35:8,35:8,35:8,35:8,35:8,35:8,35:8,35:8,35:8,35:8,35:8,35:8,35:8,35:8,35:8,35:8,35:8,35:8,35:8,35:8,35:8,35:8,35:8,35:8,35:8,35:8,35:8,35:8,35:8,35:8
19:0,35:8,35:8,35:8,35:8,35:8,35:8,20:0,20:0,35:8,35:8,35:8,35:8,35:8,35:8,35:8,35:8,35:8,35:8,35:8,35:8,35:8,35:8,35:8,20:0,20:0,35:8,35:8,35:8,35:8,35:8,35:8
34:9,35:8,35:8,35:8,35:8,35:8,35:8,20:0,20:0,20:0,20:0,35:8,35:8,35:8,35:8,35:8,35:8,35:8,35:8,35:8,35:8,35:8,20:0,20:0,20:0,20:0,35:8,35:8,35:8,35:8,35:8,35:8
19:0,35:8,35:8,35:8,35:8,35:8,35:8,35:8,20:0,35:8,35:8,35:8,35:8,35:7,35:7,35:8,35:8,35:8,35:7,35:7,35:8,35:8,35:8,35:8,20:0,35:8,35:8,35:8,35:8,35:8,35:8,35:8
19:0,35:8,35:8,35:8,35:8,35:8,35:8,35:8,20:0,35:8,35:7,35:7,35:7,0:0,0:0,0:0,0:0,0:0,0:0,0:0,35:7,35:8,35:8,35:8,20:0,35:8,35:8,35:8,35:8,35:8,35:8,35:8
19:0,19:0,35:8,35:8,35:8,35:8,35:8,35:8,35:8,35:7,44:5,0:0,0:0,0:0,0:0,0:0,0:0,0:0,0:0,0:0,0:0,35:7,35:8,35:8,35:8,35:8,35:8,35:8,35:8,35:8,35:8,19:0
19:0,19:0,19:0,35:8,35:8,35:8,35:8,35:8,35:8,35:7,0:0,0:0,0:0,0:0,0:0,0:0,0:0,0:0,0:0,0:0,0:0,0:0,35:7,35:8,35:8,35:8,35:8,35:8,35:8,35:8,19:0,19:0
19:0,19:0,19:0,19:0,19:0,35:8,35:8,35:8,35:8,35:7,0:0,0:0,0:0,0:0,0:0,0:0,0:0,0:0,0:0,0:0,0:0,0:0,0:0,35:7,35:8,35:8,35:8,35:8,19:0,19:0,19:0,19:0
19:0,19:0,19:0,19:0,19:0,35:8,35:8,35:8,35:8,35:7,0:0,0:0,0:0,0:0,0:0,0:0,0:0,0:0,0:0,0:0,0:0,0:0,0:0,35:7,35:8,35:8,35:8,35:8,19:0,19:0,19:0,19:0
19:0,19:0,19:0,19:0,35:8,35:8,35:8,35:8,35:8,35:8,0:0,0:0,0:0,0:0,0:0,42:0,42:0,42:0,0:0,0:0,0:0,0:0,0:0,35:8,35:8,35:8,35:8,35:8,35:8,19:0,19:0,19:0
19:0,19:0,19:0,19:0,35:8,35:8,35:8,35:8,35:8,35:8,0:0,0:0,0:0,0:0,0:0,42:0,42:0,42:0,0:0,0:0,0:0,0:0,0:0,35:8,35:8,35:8,35:8,35:8,35:8,19:0,19:0,19:0
19:0,19:0,19:0,19:0,35:8,35:8,35:8,35:8,35:8,35:8,0:0,0:0,0:0,0:0,0:0,42:0,42:0,42:0,0:0,0:0,0:0,0:0,0:0,35:8,35:8,35:8,35:8,35:8,35:8,19:0,19:0,19:0
19:0,19:0,19:0,19:0,19:0,35:8,35:8,35:8,35:8,35:7,0:0,0:0,0:0,0:0,0:0,0:0,0:0,0:0,0:0,0:0,0:0,0:0,0:0,35:7,35:8,35:8,35:8,35:8,19:0,19:0,19:0,19:0
19:0,19:0,19:0,19:0,19:0,35:8,35:8,35:8,35:8,35:7,0:0,0:0,0:0,0:0,0:0,0:0,0:0,0:0,0:0,0:0,0:0,0:0,0:0,35:7,35:8,35:8,35:8,35:8,19:0,19:0,19:0,19:0
19:0,19:0,19:0,35:8,35:8,35:8,35:8,35:8,35:8,35:8,35:7,0:0,0:0,0:0,0:0,0:0,0:0,0:0,0:0,0:0,0:0,0:0,35:7,35:8,35:8,35:8,35:8,35:8,35:8,35:8,19:0,19:0
19:0,19:0,35:8,35:8,35:8,35:8,35:8,35:8,35:8,35:8,35:8,35:7,0:0,0:0,0:0,0:0,0:0,0:0,0:0,0:0,0:0,35:7,35:8,35:8,35:8,35:8,35:8,35:8,35:8,35:8,35:8,19:0
35:8,35:8,35:8,35:8,35:8,35:8,35:8,35:8,20:0,35:8,35:8,35:8,35:7,0:0,0:0,0:0,0:0,0:0,0:0,0:0,35:7,35:8,35:8,35:8,20:0,35:8,35:8,35:8,35:8,35:8,35:8,35:8
19:0,35:8,35:8,35:8,35:8,35:8,35:8,35:8,20:0,35:8,35:8,35:8,35:8,35:7,35:7,35:8,35:8,35:8,35:7,35:7,35:8,35:8,35:8,35:8,20:0,35:8,35:8,35:8,35:8,35:8,35:8,35:8
34:9,35:8,35:8,35:8,35:8,35:8,35:8,20:0,20:0,20:0,20:0,35:8,35:8,35:8,35:8,35:8,35:8,35:8,35:8,35:8,35:8,35:8,20:0,20:0,20:0,20:0,35:8,35:8,35:8,35:8,35:8,35:8
19:0,35:8,35:8,35:8,35:8,35:8,35:8,20:0,20:0,35:8,35:8,35:8,35:8,35:8,35:8,35:8,35:8,35:8,35:8,35:8,35:8,35:8,35:8,35:8,20:0,20:0,35:8,35:8,35:8,35:8,35:8,35:8
19:0,35:8,35:8,35:8,35:8,35:8,35:8,35:8,35:8,35:8,35:8,35:8,35:8,35:8,35:8,35:8,35:8,35:8,35:8,35:8,35:8,35:8,35:8,35:8,35:8,35:8,35:8,35:8,35:8,35:8,35:8,35:8
19:0,19:0,19:0,35:8,19:0,19:0,35:8,35:8,35:8,35:8,35:8,35:8,35:8,35:8,35:8,35:8,35:8,35:8,35:8,35:8,35:8,35:8,35:8,35:8,35:8,35:8,35:8,19:0,19:0,35:8,19:0,19:0
19:0,19:0,19:0,19:0,19:0,19:0,35:8,35:8,35:8,35:8,35:8,35:8,35:8,19:0,19:0,35:8,35:8,35:8,19:0,19:0,35:8,35:8,35:8,35:8,35:8,35:8,35:8,19:0,19:0,19:0,19:0,19:0
19:0,19:0,19:0,19:0,19:0,35:8,35:8,35:8,35:8,35:8,35:8,35:8,35:8,19:0,19:0,19:0,19:0,19:0,19:0,19:0,35:8,35:8,35:8,35:8,35:8,35:8,35:8,35:8,19:0,19:0,19:0,19:0
19:0,19:0,19:0,19:0,19:0,19:0,35:8,35:8,35:8,35:8,35:8,35:8,19:0,19:0,19:0,19:0,19:0,19:0,19:0,19:0,19:0,35:8,35:8,35:8,35:8,35:8,35:8,19:0,19:0,19:0,19:0,19:0
19:0,19:0,19:0,19:0,19:0,19:0,35:8,35:8,35:8,35:8,35:8,19:0,19:0,19:0,19:0,19:0,19:0,19:0,19:0,19:0,19:0,19:0,35:8,35:8,35:8,35:8,35:8,19:0,19:0,19:0,19:0,19:0
19:0,19:0,19:0,19:0,19:0,19:0,19:0,35:8,35:7,35:8,55:15,35:8,19:0,19:0,19:0,19:0,19:0,19:0,19:0,19:0,19:0,19:0,19:0,35:8,35:7,35:8,55:15,35:8,19:0,19:0,19:0,19:0
19:0,19:0,19:0,19:0,19:0,19:0,35:7,35:8,0:0,35:8,19:0,19:0,19:0,19:0,19:0,19:0,19:0,19:0,19:0,19:0,19:0,19:0,35:7,35:8,0:0,35:8,35:7,19:0,19:0,19:0,19:0,19:0
19:0,19:0,19:0,19:0,19:0,19:0,35:7,0:0,70:0,0:0,35:7,19:0,19:0,19:0,19:0,19:0,35:0,19:0,19:0,19:0,19:0,35:7,35:7,0:0,70:0,0:0,35:7,19:0,19:0,19:0,19:0,19:0
19:0,19:0,19:0,19:0,19:0,35:7,35:7,0:0,0:0,0:0,35:7,19:0,19:0,19:0,19:0,35:0,89:0,35:0,19:0,19:0,35:7,0:0,35:7,0:0,0:0,0:0,35:7,35:7,19:0,19:0,19:0,19:0
19:0,19:0,19:0,19:0,19:0,19:0,35:7,0:0,0:0,0:0,35:7,35:7,35:7,19:0,19:0,44:13,44:13,44:13,19:0,19:0,35:7,35:7,35:7,0:0,0:0,0:0,35:7,19:0,19:0,19:0,19:0,19:0
35:8,19:0,19:0,35:7,19:0,19:0,35:7,0:0,0:0,0:0,0:0,0:0,35:7,35:7,35:7,109:6,109:6,109:6,35:7,35:7,35:7,0:0,0:0,0:0,0:0,0:0,35:7,19:0,19:0,35:7,19:0,19:0
55:15,35:7,35:7,35:7,35:7,35:7,35:7,0:0,0:0,0:0,0:0,0:0,0:0,0:0,0:0,109:3,109:3,109:3,0:0,0:0,0:0,0:0,0:0,0:0,0:0,0:0,35:7,35:7,35:7,35:7,35:7,35:7
35:8,35:8,0:0,0:0,0:0,0:0,0:0,0:0,0:0,0:0,0:0,0:0,0:0,0:0,0:0,0:0,0:0,0:0,0:0,0:0,0:0,0:0,0:0,0:0,0:0,0:0,0:0,0:0,0:0,0:0,0:0,35:8
35:7,0:0,70:0,0:0,0:0,0:0,0:0,0:0,0:0,0:0,0:0,0:0,0:0,0:0,0:0,0:0,0:0,0:0,0:0,0:0,0:0,0:0,0:0,0:0,0:0,0:0,0:0,0:0,0:0,0:0,70:0,35:7
35:8,35:8,0:0,0:0,0:0,0:0,0:0,0:0,0:0,-117:0,0:0,0:0,0:0,0:0,0:0,44:5,126:1,44:5,0:0,0:0,101:0,101:0,0:0,-117:0,0:0,0:0,0:0,0:0,0:0,0:0,0:0,35:8
19:0,35:7,35:7,35:7,35:7,0:0,0:0,0:0,0:0,0:0,0:0,0:0,0:0,0:0,44:13,44:13,44:13,44:13,44:13,0:0,0:0,101:0,101:0,0:0,0:0,0:0,0:0,0:0,35:7,35:7,35:7,35:7
19:0,19:0,35:7,0:0,35:7,0:0,0:0,0:0,0:0,0:0,0:0,0:0,0:0,44:13,126:9,126:9,44:13,126:9,126:9,44:13,0:0,0:0,101:0,101:0,0:0,0:0,0:0,0:0,35:7,0:0,35:7,19:0
19:0,19:0,19:0,35:7,35:7,35:7,0:0,0:0,0:0,0:0,0:0,0:0,44:13,126:9,126:9,126:9,44:13,126:9,126:9,126:9,44:13,0:0,0:0,101:0,0:0,0:0,0:0,35:7,35:7,35:7,19:0,19:0
19:0,19:0,19:0,19:0,19:0,35:7,0:0,0:0,0:0,0:0,0:0,44:13,126:9,44:13,20:0,44:8,44:13,44:8,20:0,44:13,126:9,44:13,0:0,0:0,0:0,0:0,0:0,35:7,19:0,19:0,19:0,19:0
19:0,19:0,19:0,19:0,19:0,35:7,0:0,0:0,0:0,0:0,44:13,126:9,126:9,20:0,44:13,126:9,44:13,126:9,44:13,20:0,126:9,126:9,44:13,0:0,0:0,0:0,0:0,35:7,19:0,19:0,19:0,19:0
19:0,19:0,19:0,19:0,35:7,0:0,0:0,0:0,0:0,44:5,44:13,126:9,126:9,44:8,126:9,20:0,44:13,20:0,126:9,44:8,126:9,126:9,44:13,44:5,0:0,0:0,0:0,0:0,35:7,19:0,19:0,19:0
19:0,19:0,19:0,19:0,35:7,0:0,0:0,0:0,0:0,126:1,44:13,44:13,44:13,44:13,44:13,44:13,-118:0,44:13,44:13,44:13,44:13,44:13,44:13,126:1,0:0,0:0,0:0,0:0,35:7,19:0,19:0,19:0
19:0,19:0,19:0,19:0,35:7,0:0,0:0,0:0,0:0,44:5,44:13,126:9,126:9,44:8,126:9,20:0,44:13,20:0,126:9,44:8,126:9,126:9,44:13,44:5,0:0,0:0,0:0,0:0,35:7,19:0,19:0,19:0
19:0,19:0,19:0,19:0,19:0,35:7,0:0,0:0,0:0,0:0,44:13,126:9,126:9,20:0,44:13,126:9,44:13,126:9,44:13,20:0,126:9,126:9,44:13,0:0,0:0,0:0,0:0,35:7,19:0,19:0,19:0,19:0
19:0,19:0,19:0,19:0,19:0,35:7,0:0,0:0,0:0,0:0,0:0,44:13,126:9,44:13,20:0,44:8,44:13,44:8,20:0,44:13,126:9,44:13,0:0,0:0,0:0,0:0,0:0,35:7,19:0,19:0,19:0,19:0
19:0,19:0,19:0,35:7,35:7,35:7,0:0,0:0,0:0,101:0,0:0,0:0,44:13,126:9,126:9,126:9,44:13,126:9,126:9,126:9,44:13,0:0,0:0,101:0,0:0,0:0,0:0,35:7,35:7,35:7,19:0,19:0
35:8,19:0,35:7,0:0,35:7,0:0,0:0,0:0,0:0,101:0,101:0,0:0,0:0,44:13,126:9,126:9,44:13,126:9,126:9,44:13,0:0,0:0,101:0,101:0,0:0,0:0,0:0,0:0,35:7,0:0,35:7,19:0
55:15,35:7,35:7,35:7,35:7,0:0,0:0,0:0,0:0,0:0,101:0,101:0,0:0,0:0,44:13,44:13,44:13,44:13,44:13,0:0,0:0,101:0,101:0,0:0,0:0,0:0,0:0,0:0,35:7,35:7,35:7,35:7
35:8,35:8,0:0,0:0,0:0,0:0,0:0,0:0,0:0,0:0,0:0,101:0,101:0,0:0,0:0,44:5,126:1,44:5,0:0,0:0,101:0,101:0,0:0,0:0,0:0,0:0,0:0,0:0,0:0,0:0,0:0,35:8
35:7,0:0,70:0,0:0,0:0,0:0,0:0,0:0,0:0,0:0,0:0,0:0,0:0,0:0,0:0,0:0,0:0,0:0,0:0,0:0,0:0,0:0,0:0,0:0,0:0,0:0,0:0,0:0,0:0,0:0,70:0,35:7
35:8,35:8,0:0,0:0,0:0,0:0,0:0,0:0,0:0,0:0,0:0,0:0,0:0,0:0,0:0,0:0,0:0,0:0,0:0,0:0,0:0,0:0,0:0,0:0,0:0,0:0,0:0,0:0,0:0,0:0,0:0,35:8
19:0,35:7,35:7,35:7,35:7,35:7,35:7,0:0,0:0,0:0,0:0,0:0,0:0,0:0,0:0,0:0,0:0,0:0,0:0,0:0,0:0,0:0,0:0,0:0,0:0,0:0,35:7,35:7,35:7,35:7,35:7,35:7
19:0,19:0,19:0,35:7,19:0,19:0,35:7,0:0,0:0,0:0,0:0,0:0,35:7,35:7,35:7,0:0,0:0,0:0,35:7,35:7,35:7,0:0,0:0,0:0,0:0,0:0,35:7,19:0,19:0,35:7,19:0,19:0
19:0,19:0,19:0,19:0,19:0,19:0,35:7,0:0,0:0,0:0,35:7,35:7,35:7,35:7,19:0,35:7,35:7,35:7,19:0,19:0,35:7,35:7,35:7,0:0,0:0,0:0,35:7,19:0,19:0,19:0,19:0,19:0
19:0,19:0,19:0,19:0,19:0,35:7,35:7,0:0,0:0,0:0,35:7,35:7,35:7,19:0,19:0,19:0,19:0,19:0,19:0,19:0,35:7,0:0,35:7,0:0,0:0,0:0,35:7,35:7,19:0,19:0,19:0,19:0
19:0,19:0,19:0,19:0,19:0,19:0,35:7,0:0,70:0,0:0,35:7,35:7,19:0,19:0,19:0,19:0,19:0,19:0,19:0,19:0,19:0,35:7,35:7,0:0,70:0,0:0,35:7,19:0,19:0,19:0,19:0,19:0
19:0,19:0,19:0,19:0,19:0,19:0,35:7,35:8,35:7,35:8,35:7,19:0,19:0,19:0,19:0,19:0,19:0,19:0,19:0,19:0,19:0,19:0,35:7,35:8,35:7,35:8,35:7,19:0,19:0,19:0,19:0,19:0
19:0,19:0,19:0,19:0,19:0,19:0,19:0,35:8,35:7,35:8,44:8,55:14,19:0,19:0,19:0,19:0,19:0,19:0,19:0,19:0,19:0,19:0,19:0,35:8,35:7,35:8,44:8,55:14,19:0,19:0,19:0,19:0
19:0,19:0,19:0,19:0,19:0,19:0,5:1,35:8,0:0,35:8,5:1,19:0,19:0,19:0,19:0,19:0,19:0,19:0,19:0,19:0,19:0,19:0,5:1,35:8,0:0,35:8,5:1,19:0,19:0,19:0,19:0,19:0
19:0,19:0,19:0,19:0,19:0,5:1,0:0,0:0,0:0,0:0,0:0,5:1,19:0,19:0,19:0,19:0,35:0,19:0,19:0,19:0,19:0,5:1,0:0,0:0,0:0,0:0,0:0,5:1,19:0,19:0,19:0,19:0
19:0,19:0,19:0,19:0,19:0,35:7,-117:0,0:0,0:0,0:0,0:0,5:1,35:7,19:0,19:0,35:0,0:0,35:0,19:0,19:0,35:7,5:1,0:0,0:0,0:0,0:0,-117:0,35:7,19:0,19:0,19:0,19:0
19:0,19:0,19:0,19:0,19:0,5:1,0:0,0:0,0:0,0:0,0:0,0:0,-117:0,61:3,19:0,35:11,71:1,35:11,19:0,58:0,-117:0,0:0,0:0,0:0,0:0,0:0,0:0,5:1,19:0,19:0,19:0,19:0
55:14,19:0,5:1,35:7,5:1,5:1,0:0,0:0,0:0,0:0,0:0,0:0,0:0,0:0,5:1,0:0,0:0,0:0,5:1,0:0,0:0,0:0,0:0,0:0,0:0,0:0,0:0,5:1,5:1,35:7,5:1,19:0
44:8,5:1,0:0,-117:0,0:0,0:0,0:0,0:0,0:0,0:0,0:0,0:0,0:0,0:0,97:2,0:0,0:0,0:0,97:0,0:0,0:0,0:0,0:0,0:0,0:0,0:0,0:0,0:0,0:0,-117:0,0:0,5:1
35:8,35:8,0:0,0:0,0:0,0:0,0:0,0:0,0:0,0:0,0:0,0:0,0:0,0:0,0:0,0:0,0:0,0:0,0:0,0:0,0:0,0:0,0:0,0:0,0:0,0:0,0:0,0:0,0:0,0:0,0:0,35:8
35:7,0:0,0:0,0:0,0:0,0:0,0:0,0:0,0:0,-117:0,0:0,0:0,0:0,0:0,0:0,0:0,0:0,0:0,0:0,0:0,0:0,0:0,0:0,-117:0,0:0,0:0,0:0,0:0,0:0,0:0,0:0,35:7
35:8,35:8,0:0,0:0,0:0,0:0,0:0,0:0,-117:0,-117:0,0:0,0:0,0:0,0:0,0:0,0:0,0:0,0:0,0:0,0:0,0:0,0:0,0:0,-117:0,-117:0,0:0,0:0,0:0,0:0,0:0,0:0,35:8
19:0,5:1,0:0,0:0,0:0,0:0,0:0,0:0,0:0,0:0,0:0,0:0,0:0,0:0,-117:0,0:0,0:0,0:0,-117:0,0:0,0:0,0:0,0:0,0:0,0:0,0:0,0:0,0:0,0:0,0:0,0:0,5:1
19:0,19:0,5:1,5:1,0:0,0:0,0:0,0:0,0:0,0:0,0:0,0:0,0:0,0:0,0:0,0:0,0:0,0:0,0:0,0:0,0:0,0:0,0:0,0:0,0:0,0:0,0:0,0:0,0:0,5:1,5:1,19:0
19:0,19:0,19:0,35:7,-117:0,0:0,0:0,0:0,0:0,0:0,0:0,0:0,-117:0,-117:0,0:0,0:0,0:0,0:0,0:0,-117:0,-117:0,0:0,0:0,0:0,0:0,0:0,0:0,0:0,-117:0,35:7,19:0,19:0
19:0,19:0,19:0,19:0,5:1,0:0,0:0,0:0,0:0,0:0,0:0,0:0,-117:0,0:0,0:0,0:0,0:0,0:0,0:0,0:0,-117:0,0:0,0:0,0:0,0:0,0:0,0:0,0:0,5:1,19:0,19:0,19:0
19:0,19:0,19:0,19:0,19:0,5:1,0:0,0:0,0:0,0:0,-117:0,0:0,0:0,0:0,0:0,0:0,44:14,0:0,0:0,0:0,0:0,0:0,-117:0,0:0,0:0,0:0,0:0,5:1,19:0,19:0,19:0,19:0
19:0,19:0,19:0,19:0,5:1,0:0,0:0,0:0,0:0,0:0,0:0,0:0,0:0,0:0,0:0,44:14,114:6,44:14,68:5,0:0,0:0,0:0,0:0,0:0,0:0,0:0,0:0,0:0,5:1,19:0,19:0,19:0
19:0,19:0,19:0,19:0,35:1,0:0,0:0,0:0,0:0,0:0,0:0,0:0,0:0,77:2,43:6,114:4,20:0,114:5,43:6,-113:1,0:0,0:0,0:0,0:0,0:0,0:0,0:0,0:0,35:1,19:0,19:0,19:0
19:0,19:0,19:0,19:0,5:1,0:0,0:0,0:0,0:0,0:0,0:0,0:0,0:0,0:0,0:0,44:14,114:7,44:14,0:0,0:0,0:0,0:0,0:0,0:0,0:0,0:0,0:0,0:0,5:1,19:0,19:0,19:0
19:0,19:0,19:0,19:0,19:0,5:1,0:0,0:0,0:0,0:0,-117:0,0:0,114:6,0:0,0:0,0:0,44:14,0:0,0:0,0:0,114:6,0:0,-117:0,0:0,0:0,0:0,0:0,5:1,19:0,19:0,19:0,19:0
19:0,19:0,19:0,19:0,5:1,0:0,0:0,0:0,0:0,0:0,0:0,0:0,-117:0,44:14,0:0,0:0,0:0,0:0,0:0,44:14,-117:0,0:0,0:0,0:0,0:0,0:0,0:0,0:0,5:1,19:0,19:0,19:0
19:0,19:0,19:0,35:7,-117:0,0:0,0:0,0:0,0:0,0:0,0:0,0:0,-117:0,-117:0,114:5,0:0,0:0,0:0,114:4,-117:0,-117:0,0:0,0:0,0:0,0:0,0:0,0:0,0:0,-117:0,35:7,19:0,19:0
55:14,19:0,5:1,5:1,0:0,0:0,0:0,0:0,0:0,0:0,0:0,0:0,0:0,0:0,0:0,0:0,0:0,0:0,0:0,0:0,0:0,0:0,0:0,0:0,0:0,0:0,0:0,0:0,0:0,5:1,5:1,19:0
44:8,5:1,0:0,0:0,0:0,0:0,0:0,0:0,0:0,0:0,0:0,0:0,0:0,0:0,-117:0,0:0,0:0,0:0,-117:0,0:0,0:0,0:0,0:0,0:0,0:0,0:0,0:0,0:0,0:0,0:0,0:0,5:1
35:8,35:8,0:0,0:0,0:0,0:0,0:0,0:0,0:0,0:0,0:0,0:0,0:0,0:0,0:0,0:0,0:0,0:0,0:0,0:0,0:0,0:0,0:0,0:0,0:0,0:0,0:0,0:0,0:0,0:0,0:0,35:8
35:7,0:0,0:0,0:0,0:0,0:0,0:0,0:0,0:0,0:0,0:0,0:0,0:0,0:0,0:0,0:0,0:0,0:0,0:0,0:0,0:0,0:0,0:0,0:0,0:0,0:0,0:0,0:0,0:0,0:0,0:0,35:7
35:8,35:8,0:0,0:0,0:0,0:0,0:0,0:0,0:0,0:0,0:0,0:0,0:0,0:0,0:0,0:0,0:0,0:0,0:0,0:0,0:0,0:0,0:0,0:0,0:0,0:0,0:0,0:0,0:0,0:0,0:0,35:8
19:0,5:1,0:0,-117:0,0:0,0:0,0:0,0:0,0:0,0:0,0:0,0:0,0:0,0:0,0:0,0:0,0:0,0:0,0:0,0:0,0:0,0:0,0:0,0:0,0:0,0:0,0:0,0:0,0:0,-117:0,0:0,5:1
19:0,19:0,5:1,35:7,5:1,5:1,0:0,0:0,0:0,0:0,0:0,0:0,0:0,0:0,5:1,0:0,0:0,0:0,5:1,0:0,0:0,0:0,0:0,0:0,0:0,0:0,0:0,5:1,5:1,35:7,5:1,19:0
19:0,19:0,19:0,19:0,19:0,5:1,0:0,0:0,0:0,0:0,0:0,0:0,-117:0,5:1,19:0,5:1,5:1,5:1,19:0,5:1,-117:0,0:0,0:0,0:0,0:0,0:0,0:0,5:1,19:0,19:0,19:0,19:0
19:0,19:0,19:0,19:0,19:0,35:7,-117:0,0:0,0:0,0:0,0:0,5:1,35:7,19:0,19:0,19:0,19:0,19:0,19:0,19:0,35:7,5:1,0:0,0:0,0:0,0:0,-117:0,35:7,19:0,19:0,19:0,19:0
19:0,19:0,19:0,19:0,19:0,5:1,0:0,0:0,0:0,0:0,0:0,5:1,19:0,19:0,19:0,19:0,19:0,19:0,19:0,19:0,19:0,5:1,0:0,0:0,0:0,0:0,0:0,5:1,19:0,19:0,19:0,19:0
19:0,19:0,19:0,19:0,19:0,19:0,5:1,35:8,35:7,35:8,5:1,19:0,19:0,19:0,19:0,19:0,19:0,19:0,19:0,19:0,19:0,19:0,5:1,35:8,35:7,35:8,5:1,19:0,19:0,19:0,19:0,19:0
19:0,19:0,19:0,19:0,19:0,19:0,19:0,35:8,34:8,35:8,55:13,0:0,19:0,19:0,19:0,19:0,19:0,19:0,19:0,19:0,19:0,19:0,19:0,35:8,34:8,35:8,55:13,0:0,19:0,19:0,19:0,19:0
19:0,19:0,19:0,19:0,19:0,19:0,35:7,35:8,35:7,35:8,35:7,19:0,19:0,19:0,19:0,19:0,19:0,19:0,19:0,19:0,19:0,19:0,35:7,35:8,35:7,35:8,35:7,19:0,19:0,19:0,19:0,19:0
19:0,19:0,19:0,19:0,19:0,35:1,0:0,0:0,0:0,0:0,0:0,35:1,19:0,19:0,19:0,19:0,35:0,19:0,19:0,19:0,19:0,35:1,0:0,0:0,0:0,0:0,0:0,35:1,19:0,19:0,19:0,19:0
19:0,19:0,19:0,19:0,19:0,35:7,-117:0,0:0,0:0,0:0,0:0,35:1,35:7,19:0,19:0,35:0,0:0,35:0,19:0,19:0,35:7,35:1,0:0,0:0,0:0,0:0,-117:0,35:7,19:0,19:0,19:0,19:0
19:0,19:0,19:0,19:0,19:0,35:1,0:0,0:0,0:0,0:0,0:0,0:0,-117:0,35:1,19:0,35:11,71:8,35:11,19:0,35:1,-117:0,0:0,0:0,0:0,0:0,0:0,0:0,35:1,19:0,19:0,19:0,19:0
0:0,19:0,35:1,35:7,35:1,35:1,0:0,0:0,0:0,0:0,0:0,0:0,0:0,0:0,35:7,0:0,0:0,0:0,35:7,0:0,0:0,0:0,0:0,0:0,0:0,0:0,0:0,35:1,35:1,35:7,35:1,19:0
55:13,35:7,0:0,-117:0,0:0,0:0,0:0,0:0,0:0,0:0,0:0,0:0,0:0,0:0,52:0,0:0,0:0,0:0,97:1,0:0,0:0,0:0,0:0,0:0,0:0,0:0,0:0,0:0,0:0,-117:0,0:0,35:7
35:8,35:8,0:0,0:0,0:0,0:0,0:0,0:0,0:0,0:0,0:0,0:0,0:0,0:0,0:0,0:0,0:0,0:0,0:0,0:0,0:0,0:0,0:0,0:0,0:0,0:0,0:0,0:0,0:0,0:0,0:0,35:8
34:8,35:7,0:0,0:0,0:0,0:0,0:0,0:0,0:0,-117:0,0:0,0:0,0:0,0:0,0:0,0:0,0:0,0:0,0:0,0:0,0:0,0:0,0:0,-117:0,0:0,0:0,0:0,0:0,0:0,0:0,0:0,35:7
35:8,35:8,0:0,0:0,0:0,0:0,0:0,0:0,-117:0,0:0,0:0,0:0,0:0,0:0,0:0,0:0,0:0,0:0,0:0,0:0,0:0,0:0,0:0,0:0,-117:0,0:0,0:0,0:0,0:0,0:0,0:0,35:8
19:0,35:7,0:0,0:0,0:0,0:0,0:0,0:0,0:0,0:0,0:0,0:0,0:0,0:0,0:0,0:0,0:0,0:0,0:0,0:0,0:0,0:0,0:0,0:0,0:0,0:0,0:0,0:0,0:0,0:0,0:0,35:7
19:0,19:0,35:1,35:1,0:0,0:0,0:0,0:0,0:0,0:0,0:0,0:0,0:0,0:0,0:0,0:0,0:0,0:0,0:0,0:0,0:0,0:0,0:0,0:0,0:0,0:0,0:0,0:0,0:0,35:1,35:1,19:0
19:0,19:0,19:0,35:7,-117:0,0:0,0:0,0:0,0:0,0:0,0:0,0:0,-117:0,0:0,0:0,0:0,0:0,0:0,0:0,0:0,-117:0,0:0,0:0,0:0,0:0,0:0,0:0,0:0,-117:0,35:7,19:0,19:0
19:0,19:0,19:0,19:0,35:1,0:0,0:0,0:0,0:0,0:0,0:0,0:0,0:0,0:0,0:0,0:0,0:0,0:0,0:0,0:0,0:0,0:0,0:0,0:0,0:0,0:0,0:0,0:0,35:1,19:0,19:0,19:0
19:0,19:0,19:0,19:0,19:0,35:7,0:0,0:0,0:0,0:0,0:0,0:0,0:0,0:0,0:0,0:0,100:15,0:0,0:0,0:0,0:0,0:0,0:0,0:0,0:0,0:0,0:0,35:7,19:0,19:0,19:0,19:0
19:0,19:0,19:0,19:0,35:1,0:0,0:0,0:0,0:0,0:0,0:0,0:0,0:0,0:0,0:0,92:0,44:6,0:0,0:0,0:0,0:0,0:0,0:0,0:0,0:0,0:0,0:0,0:0,35:1,19:0,19:0,19:0
19:0,19:0,19:0,19:0,35:1,0:0,0:0,0:0,0:0,0:0,0:0,0:0,0:0,0:0,100:15,44:6,20:0,44:6,100:15,0:0,0:0,0:0,0:0,0:0,0:0,0:0,0:0,0:0,35:1,19:0,19:0,19:0
19:0,19:0,19:0,19:0,35:1,0:0,0:0,0:0,0:0,0:0,0:0,0:0,0:0,0:0,0:0,0:0,44:6,0:0,0:0,0:0,0:0,0:0,0:0,0:0,0:0,0:0,0:0,0:0,35:1,19:0,19:0,19:0
19:0,19:0,19:0,19:0,19:0,35:7,0:0,0:0,0:0,0:0,0:0,0:0,55:0,0:0,0:0,0:0,100:15,0:0,0:0,0:0,69:6,0:0,0:0,0:0,0:0,0:0,0:0,35:7,19:0,19:0,19:0,19:0
19:0,19:0,19:0,19:0,35:1,0:0,0:0,0:0,0:0,0:0,0:0,0:0,44:6,-107:3,0:0,0:0,0:0,0:0,0:0,55:0,44:6,0:0,0:0,0:0,0:0,0:0,0:0,0:0,35:1,19:0,19:0,19:0
19:0,19:0,19:0,35:7,-117:0,0:0,0:0,0:0,0:0,0:0,0:0,0:0,-117:0,44:6,76:5,0:0,0:0,0:0,76:5,44:6,-117:0,0:0,0:0,0:0,0:0,0:0,0:0,0:0,-117:0,35:7,19:0,19:0
0:0,19:0,35:1,35:1,0:0,0:0,0:0,0:0,0:0,0:0,0:0,0:0,0:0,0:0,0:0,0:0,0:0,0:0,0:0,0:0,0:0,0:0,0:0,0:0,0:0,0:0,0:0,0:0,0:0,35:1,35:1,19:0
55:13,35:7,0:0,0:0,0:0,0:0,0:0,0:0,0:0,0:0,0:0,0:0,0:0,0:0,0:0,0:0,0:0,0:0,0:0,0:0,0:0,0:0,0:0,0:0,0:0,0:0,0:0,0:0,0:0,0:0,0:0,35:7
35:8,35:8,0:0,0:0,0:0,0:0,0:0,0:0,0:0,0:0,0:0,0:0,0:0,0:0,0:0,0:0,0:0,0:0,0:0,0:0,0:0,0:0,0:0,0:0,0:0,0:0,0:0,0:0,0:0,0:0,0:0,35:8
34:8,35:7,0:0,0:0,0:0,0:0,0:0,0:0,0:0,0:0,0:0,0:0,0:0,0:0,0:0,0:0,0:0,0:0,0:0,0:0,0:0,0:0,0:0,0:0,0:0,0:0,0:0,0:0,0:0,0:0,0:0,35:7
35:8,35:8,0:0,0:0,0:0,0:0,0:0,0:0,0:0,0:0,0:0,0:0,0:0,0:0,0:0,0:0,0:0,0:0,0:0,0:0,0:0,0:0,0:0,0:0,0:0,0:0,0:0,0:0,0:0,0:0,0:0,35:8
19:0,35:7,0:0,-117:0,0:0,0:0,0:0,0:0,0:0,0:0,0:0,0:0,0:0,0:0,0:0,0:0,0:0,0:0,0:0,0:0,0:0,0:0,0:0,0:0,0:0,0:0,0:0,0:0,0:0,-117:0,0:0,35:7
19:0,19:0,35:1,35:7,35:1,35:1,0:0,0:0,0:0,0:0,0:0,0:0,0:0,0:0,35:7,0:0,0:0,0:0,35:7,0:0,0:0,0:0,0:0,0:0,0:0,0:0,0:0,35:1,35:1,35:7,35:1,19:0
19:0,19:0,19:0,19:0,19:0,35:1,0:0,0:0,0:0,0:0,0:0,0:0,-117:0,35:1,19:0,35:1,35:1,35:1,19:0,35:1,-117:0,0:0,0:0,0:0,0:0,0:0,0:0,35:1,19:0,19:0,19:0,19:0
19:0,19:0,19:0,19:0,19:0,35:7,-117:0,0:0,0:0,0:0,0:0,35:1,35:7,19:0,19:0,19:0,19:0,19:0,19:0,19:0,35:7,35:1,0:0,0:0,0:0,0:0,-117:0,35:7,19:0,19:0,19:0,19:0
19:0,19:0,19:0,19:0,19:0,35:1,0:0,0:0,0:0,0:0,0:0,35:1,19:0,19:0,19:0,19:0,19:0,19:0,19:0,19:0,19:0,35:1,0:0,0:0,0:0,0:0,0:0,35:1,19:0,19:0,19:0,19:0
19:0,19:0,19:0,19:0,19:0,19:0,35:7,35:8,35:7,35:8,35:7,19:0,19:0,19:0,19:0,19:0,19:0,19:0,19:0,19:0,19:0,19:0,35:7,35:8,35:7,35:8,35:7,19:0,19:0,19:0,19:0,19:0
19:0,19:0,19:0,19:0,19:0,19:0,19:0,19:0,29:8,55:12,0:0,19:0,19:0,19:0,19:0,19:0,19:0,19:0,19:0,19:0,19:0,19:0,19:0,19:0,29:8,55:12,0:0,19:0,19:0,19:0,19:0,19:0
19:0,19:0,19:0,19:0,19:0,19:0,35:7,35:8,35:7,35:8,35:7,19:0,19:0,19:0,19:0,19:0,19:0,19:0,19:0,19:0,19:0,19:0,35:7,35:8,35:7,35:8,35:7,19:0,19:0,19:0,19:0,19:0
19:0,19:0,19:0,19:0,19:0,35:1,0:0,0:0,0:0,0:0,0:0,35:1,19:0,19:0,19:0,19:0,19:0,19:0,19:0,19:0,19:0,35:1,0:0,0:0,0:0,0:0,0:0,35:1,19:0,19:0,19:0,19:0
19:0,19:0,19:0,19:0,19:0,35:7,-117:0,0:0,0:0,0:0,0:0,35:1,35:7,19:0,19:0,19:0,35:0,19:0,19:0,19:0,35:7,35:1,0:0,0:0,0:0,0:0,-117:0,35:7,19:0,19:0,19:0,19:0
19:0,19:0,19:0,19:0,19:0,35:1,0:0,0:0,0:0,0:0,0:0,0:0,-117:0,35:1,19:0,35:11,35:11,35:11,19:0,35:1,-117:0,0:0,0:0,0:0,0:0,0:0,0:0,35:1,19:0,19:0,19:0,19:0
19:0,19:0,35:1,35:7,35:1,35:1,0:0,0:0,0:0,0:0,0:0,0:0,0:0,0:0,35:7,0:0,0:0,0:0,35:7,0:0,0:0,0:0,0:0,0:0,0:0,0:0,0:0,35:1,35:1,35:7,35:1,19:0
0:0,35:7,0:0,-117:0,0:0,0:0,0:0,0:0,0:0,0:0,0:0,0:0,0:0,0:0,97:3,0:0,0:0,0:0,97:4,0:0,0:0,0:0,0:0,0:0,0:0,0:0,0:0,0:0,0:0,-117:0,0:0,35:7
55:12,35:8,0:0,0:0,0:0,0:0,0:0,0:0,0:0,0:0,0:0,0:0,0:0,0:0,0:0,0:0,0:0,0:0,0:0,0:0,0:0,0:0,0:0,0:0,0:0,0:0,0:0,0:0,0:0,0:0,0:0,35:8
29:8,35:7,0:0,0:0,0:0,0:0,0:0,0:0,0:0,-117:0,0:0,0:0,0:0,0:0,0:0,0:0,0:0,0:0,0:0,0:0,0:0,0:0,0:0,-117:0,0:0,0:0,0:0,0:0,0:0,0:0,0:0,35:7
19:0,35:8,0:0,0:0,0:0,0:0,0:0,0:0,-117:0,0:0,0:0,0:0,0:0,0:0,0:0,0:0,0:0,0:0,0:0,0:0,0:0,0:0,0:0,0:0,-117:0,0:0,0:0,0:0,0:0,0:0,0:0,35:8
19:0,35:7,0:0,0:0,0:0,0:0,0:0,0:0,0:0,0:0,0:0,0:0,0:0,0:0,0:0,0:0,0:0,0:0,0:0,0:0,0:0,0:0,0:0,0:0,0:0,0:0,0:0,0:0,0:0,0:0,0:0,35:7
19:0,19:0,35:1,35:1,0:0,0:0,0:0,0:0,0:0,0:0,0:0,0:0,0:0,0:0,0:0,0:0,0:0,0:0,0:0,0:0,0:0,0:0,0:0,0:0,0:0,0:0,0:0,0:0,0:0,35:1,35:1,19:0
19:0,19:0,19:0,35:7,-117:0,0:0,0:0,0:0,0:0,0:0,0:0,0:0,-117:0,0:0,0:0,0:0,0:0,0:0,0:0,0:0,-117:0,0:0,0:0,0:0,0:0,0:0,0:0,0:0,-117:0,35:7,19:0,19:0
19:0,19:0,19:0,19:0,35:1,0:0,0:0,0:0,0:0,0:0,0:0,0:0,0:0,0:0,0:0,0:0,0:0,0:0,0:0,0:0,0:0,0:0,0:0,0:0,0:0,0:0,0:0,0:0,35:1,19:0,19:0,19:0
19:0,19:0,19:0,19:0,19:0,35:7,0:0,0:0,0:0,0:0,0:0,0:0,0:0,0:0,0:0,0:0,0:0,0:0,0:0,0:0,0:0,0:0,0:0,0:0,0:0,0:0,0:0,35:7,19:0,19:0,19:0,19:0
19:0,19:0,19:0,19:0,35:1,0:0,0:0,0:0,0:0,0:0,0:0,0:0,0:0,0:0,0:0,0:0,0:0,0:0,0:0,0:0,0:0,0:0,0:0,0:0,0:0,0:0,0:0,0:0,35:1,19:0,19:0,19:0
19:0,19:0,19:0,19:0,35:1,0:0,0:0,0:0,0:0,0:0,0:0,0:0,0:0,0:0,0:0,0:0,20:0,0:0,0:0,0:0,0:0,0:0,0:0,0:0,0:0,0:0,0:0,0:0,35:1,19:0,19:0,19:0
19:0,19:0,19:0,19:0,35:1,0:0,0:0,0:0,0:0,0:0,0:0,0:0,0:0,0:0,0:0,0:0,0:0,0:0,0:0,0:0,0:0,0:0,0:0,0:0,0:0,0:0,0:0,0:0,35:1,19:0,19:0,19:0
19:0,19:0,19:0,19:0,19:0,35:7,0:0,0:0,0:0,0:0,0:0,0:0,0:0,0:0,0:0,0:0,0:0,0:0,0:0,0:0,0:0,0:0,0:0,0:0,0:0,0:0,0:0,35:7,19:0,19:0,19:0,19:0
19:0,19:0,19:0,19:0,35:1,0:0,0:0,0:0,0:0,0:0,0:0,0:0,0:0,0:0,0:0,0:0,0:0,0:0,0:0,0:0,0:0,0:0,0:0,0:0,0:0,0:0,0:0,0:0,35:1,19:0,19:0,19:0
19:0,19:0,19:0,35:7,-117:0,0:0,0:0,0:0,0:0,0:0,0:0,0:0,-117:0,0:0,0:0,0:0,0:0,0:0,0:0,0:0,-117:0,0:0,0:0,0:0,0:0,0:0,0:0,0:0,-117:0,35:7,19:0,19:0
19:0,19:0,35:1,35:1,0:0,0:0,0:0,0:0,0:0,0:0,0:0,0:0,0:0,0:0,0:0,0:0,0:0,0:0,0:0,0:0,0:0,0:0,0:0,0:0,0:0,0:0,0:0,0:0,0:0,35:1,35:1,19:0
0:0,35:7,0:0,0:0,0:0,0:0,0:0,0:0,0:0,0:0,0:0,0:0,0:0,0:0,0:0,0:0,0:0,0:0,0:0,0:0,0:0,0:0,0:0,0:0,0:0,0:0,0:0,0:0,0:0,0:0,0:0,35:7
55:12,35:8,0:0,0:0,0:0,0:0,0:0,0:0,0:0,0:0,0:0,0:0,0:0,0:0,0:0,0:0,0:0,0:0,0:0,0:0,0:0,0:0,0:0,0:0,0:0,0:0,0:0,0:0,0:0,0:0,0:0,35:8
29:8,35:7,0:0,0:0,0:0,0:0,0:0,0:0,0:0,0:0,0:0,0:0,0:0,0:0,0:0,0:0,0:0,0:0,0:0,0:0,0:0,0:0,0:0,0:0,0:0,0:0,0:0,0:0,0:0,0:0,0:0,35:7
19:0,35:8,0:0,0:0,0:0,0:0,0:0,0:0,0:0,0:0,0:0,0:0,0:0,0:0,0:0,0:0,0:0,0:0,0:0,0:0,0:0,0:0,0:0,0:0,0:0,0:0,0:0,0:0,0:0,0:0,0:0,35:8
19:0,35:7,0:0,-117:0,0:0,0:0,0:0,0:0,0:0,0:0,0:0,0:0,0:0,0:0,0:0,0:0,0:0,0:0,0:0,0:0,0:0,0:0,0:0,0:0,0:0,0:0,0:0,0:0,0:0,-117:0,0:0,35:7
19:0,19:0,35:1,35:7,35:1,35:1,0:0,0:0,0:0,0:0,0:0,0:0,0:0,0:0,35:7,0:0,0:0,0:0,35:7,0:0,0:0,0:0,0:0,0:0,0:0,0:0,0:0,35:1,35:1,35:7,35:1,19:0
19:0,19:0,19:0,19:0,19:0,35:1,0:0,0:0,0:0,0:0,0:0,0:0,-117:0,35:1,19:0,35:1,35:1,35:1,19:0,35:1,-117:0,0:0,0:0,0:0,0:0,0:0,0:0,35:1,19:0,19:0,19:0,19:0
19:0,19:0,19:0,19:0,19:0,35:7,-117:0,0:0,0:0,0:0,0:0,35:1,35:7,19:0,19:0,19:0,19:0,19:0,19:0,19:0,35:7,35:1,0:0,0:0,0:0,0:0,-117:0,35:7,19:0,19:0,19:0,19:0
19:0,19:0,19:0,19:0,19:0,35:1,0:0,0:0,0:0,0:0,0:0,35:1,19:0,19:0,19:0,19:0,19:0,19:0,19:0,19:0,19:0,35:1,0:0,0:0,0:0,0:0,0:0,35:1,19:0,19:0,19:0,19:0
19:0,19:0,19:0,19:0,19:0,19:0,35:7,35:8,35:7,35:8,35:7,19:0,19:0,19:0,19:0,19:0,19:0,19:0,19:0,19:0,19:0,19:0,35:7,35:8,35:7,35:8,35:7,19:0,19:0,19:0,19:0,19:0
19:0,19:0,19:0,19:0,19:0,19:0,19:0,19:0,19:0,19:0,19:0,19:0,19:0,19:0,19:0,19:0,19:0,19:0,19:0,19:0,19:0,19:0,19:0,19:0,19:0,19:0,19:0,19:0,19:0,19:0,19:0,19:0
19:0,19:0,19:0,19:0,19:0,19:0,5:1,35:8,35:7,35:8,5:1,19:0,19:0,19:0,19:0,19:0,19:0,19:0,19:0,19:0,19:0,19:0,5:1,35:8,5:1,35:8,5:1,19:0,19:0,19:0,19:0,19:0
19:0,19:0,19:0,19:0,19:0,5:1,0:0,0:0,0:0,0:0,0:0,5:1,19:0,19:0,19:0,19:0,19:0,19:0,19:0,19:0,19:0,5:1,0:0,0:0,0:0,0:0,0:0,5:1,19:0,19:0,19:0,19:0
19:0,19:0,19:0,19:0,19:0,35:7,-117:0,0:0,0:0,0:0,0:0,5:1,35:7,19:0,19:0,19:0,19:0,19:0,19:0,19:0,35:7,5:1,0:0,0:0,0:0,0:0,-117:0,35:7,19:0,19:0,19:0,19:0
19:0,19:0,19:0,19:0,19:0,5:1,0:0,0:0,0:0,0:0,0:0,0:0,-117:0,5:1,19:0,-101:3,-101:3,-101:3,19:0,5:1,-117:0,0:0,0:0,0:0,0:0,0:0,0:0,5:1,19:0,19:0,19:0,19:0
19:0,19:0,5:1,35:7,5:1,5:1,0:0,0:0,0:0,0:0,0:0,0:0,0:0,0:0,5:1,0:0,0:0,0:0,5:1,0:0,0:0,0:0,0:0,0:0,0:0,0:0,0:0,5:1,5:1,35:7,5:1,19:0
19:0,5:1,0:0,-117:0,0:0,0:0,0:0,0:0,0:0,0:0,0:0,0:0,0:0,0:0,0:0,0:0,0:0,0:0,0:0,0:0,0:0,0:0,0:0,0:0,0:0,0:0,0:0,0:0,0:0,-117:0,0:0,5:1
19:0,35:8,0:0,0:0,0:0,0:0,0:0,0:0,0:0,0:0,0:0,0:0,0:0,0:0,0:0,0:0,0:0,0:0,0:0,0:0,0:0,0:0,0:0,0:0,0:0,0:0,0:0,0:0,0:0,0:0,0:0,35:8
19:0,5:1,0:0,0:0,0:0,0:0,0:0,0:0,0:0,-117:0,-117:0,0:0,0:0,0:0,0:0,0:0,0:0,0:0,0:0,0:0,0:0,0:0,-117:0,-117:0,0:0,0:0,0:0,0:0,0:0,0:0,0:0,5:1
19:0,35:8,0:0,0:0,0:0,0:0,0:0,0:0,-117:0,0:0,0:0,0:0,0:0,0:0,0:0,0:0,0:0,0:0,0:0,0:0,0:0,0:0,0:0,0:0,-117:0,0:0,0:0,0:0,0:0,0:0,0:0,35:8
19:0,5:1,0:0,0:0,0:0,0:0,0:0,0:0,-117:0,0:0,0:0,0:0,-117:0,0:0,0:0,0:0,0:0,0:0,0:0,0:0,-117:0,0:0,0:0,0:0,-117:0,0:0,0:0,0:0,0:0,0:0,0:0,5:1
19:0,19:0,5:1,5:1,0:0,0:0,0:0,0:0,0:0,0:0,0:0,0:0,-117:0,0:0,0:0,0:0,0:0,0:0,0:0,0:0,-117:0,0:0,0:0,0:0,0:0,0:0,0:0,0:0,0:0,5:1,5:1,19:0
19:0,19:0,19:0,35:7,-117:0,0:0,0:0,0:0,0:0,0:0,-117:0,-117:0,-117:0,0:0,0:0,0:0,0:0,0:0,0:0,0:0,-117:0,-117:0,-117:0,0:0,0:0,0:0,0:0,0:0,-117:0,35:7,19:0,19:0
19:0,19:0,19:0,19:0,5:1,0:0,0:0,0:0,0:0,0:0,0:0,0:0,0:0,0:0,0:0,0:0,0:0,0:0,0:0,0:0,0:0,0:0,0:0,0:0,0:0,0:0,0:0,0:0,5:1,19:0,19:0,19:0
19:0,19:0,19:0,19:0,19:0,5:1,0:0,0:0,0:0,0:0,0:0,0:0,0:0,0:0,0:0,0:0,0:0,0:0,0:0,0:0,0:0,0:0,0:0,0:0,0:0,0:0,0:0,5:1,19:0,19:0,19:0,19:0
19:0,19:0,19:0,19:0,5:1,0:0,0:0,0:0,0:0,0:0,0:0,0:0,0:0,0:0,0:0,0:0,0:0,0:0,0:0,0:0,0:0,0:0,0:0,0:0,0:0,0:0,0:0,0:0,5:1,19:0,19:0,19:0
19:0,19:0,19:0,19:0,35:1,0:0,0:0,0:0,0:0,0:0,0:0,0:0,0:0,0:0,0:0,0:0,20:0,0:0,0:0,0:0,0:0,0:0,0:0,0:0,0:0,0:0,0:0,0:0,35:1,19:0,19:0,19:0
19:0,19:0,19:0,19:0,5:1,0:0,0:0,0:0,0:0,0:0,0:0,0:0,0:0,0:0,0:0,0:0,0:0,0:0,0:0,0:0,0:0,0:0,0:0,0:0,0:0,0:0,0:0,0:0,5:1,19:0,19:0,19:0
19:0,19:0,19:0,19:0,19:0,5:1,0:0,0:0,0:0,0:0,0:0,0:0,0:0,0:0,0:0,0:0,0:0,0:0,0:0,0:0,0:0,0:0,0:0,0:0,0:0,0:0,0:0,5:1,19:0,19:0,19:0,19:0
19:0,19:0,19:0,19:0,5:1,0:0,0:0,0:0,0:0,0:0,0:0,0:0,0:0,0:0,0:0,0:0,0:0,0:0,0:0,0:0,0:0,0:0,0:0,0:0,0:0,0:0,0:0,0:0,5:1,19:0,19:0,19:0
19:0,19:0,19:0,35:7,-117:0,0:0,0:0,0:0,0:0,0:0,-117:0,-117:0,-117:0,0:0,0:0,0:0,0:0,0:0,0:0,0:0,-117:0,-117:0,-117:0,0:0,0:0,0:0,0:0,0:0,-117:0,35:7,19:0,19:0
19:0,19:0,5:1,5:1,0:0,0:0,0:0,0:0,0:0,0:0,0:0,0:0,-117:0,0:0,0:0,0:0,0:0,0:0,0:0,0:0,-117:0,0:0,0:0,0:0,0:0,0:0,0:0,0:0,0:0,5:1,5:1,19:0
19:0,5:1,0:0,0:0,0:0,0:0,0:0,0:0,0:0,0:0,0:0,0:0,-117:0,0:0,0:0,0:0,0:0,0:0,0:0,0:0,-117:0,0:0,0:0,0:0,0:0,0:0,0:0,0:0,0:0,0:0,0:0,5:1
19:0,35:8,0:0,0:0,0:0,0:0,0:0,0:0,0:0,0:0,0:0,0:0,0:0,0:0,0:0,0:0,0:0,0:0,0:0,0:0,0:0,0:0,0:0,0:0,0:0,0:0,0:0,0:0,0:0,0:0,0:0,35:8
19:0,5:1,0:0,0:0,0:0,0:0,0:0,0:0,0:0,0:0,0:0,0:0,0:0,0:0,0:0,0:0,0:0,0:0,0:0,0:0,0:0,0:0,0:0,0:0,0:0,0:0,0:0,0:0,0:0,0:0,0:0,5:1
19:0,35:8,0:0,0:0,0:0,0:0,0:0,0:0,0:0,0:0,0:0,0:0,0:0,0:0,0:0,0:0,0:0,0:0,0:0,0:0,0:0,0:0,0:0,0:0,0:0,0:0,0:0,0:0,0:0,0:0,0:0,35:8
19:0,5:1,0:0,-117:0,0:0,0:0,0:0,0:0,0:0,0:0,0:0,0:0,0:0,0:0,0:0,0:0,0:0,0:0,0:0,0:0,0:0,0:0,0:0,0:0,0:0,0:0,0:0,0:0,0:0,-117:0,0:0,5:1
19:0,19:0,5:1,35:7,5:1,5:1,0:0,0:0,0:0,0:0,0:0,0:0,0:0,0:0,5:1,0:0,0:0,0:0,5:1,0:0,0:0,0:0,0:0,0:0,0:0,0:0,0:0,5:1,5:1,35:7,5:1,19:0
19:0,19:0,19:0,19:0,19:0,5:1,0:0,0:0,0:0,0:0,0:0,0:0,-117:0,5:1,19:0,5:1,5:1,5:1,19:0,5:1,-117:0,0:0,0:0,0:0,0:0,0:0,0:0,5:1,19:0,19:0,19:0,19:0
19:0,19:0,19:0,19:0,19:0,35:7,-117:0,0:0,0:0,0:0,0:0,5:1,35:7,19:0,19:0,19:0,19:0,19:0,19:0,19:0,35:7,5:1,0:0,0:0,0:0,0:0,-117:0,35:7,19:0,19:0,19:0,19:0
19:0,19:0,19:0,19:0,19:0,5:1,0:0,0:0,0:0,0:0,0:0,5:1,19:0,19:0,19:0,19:0,19:0,19:0,19:0,19:0,19:0,5:1,0:0,0:0,0:0,0:0,0:0,5:1,19:0,19:0,19:0,19:0
19:0,19:0,19:0,19:0,19:0,19:0,5:1,35:8,5:1,35:8,5:1,19:0,19:0,19:0,19:0,19:0,19:0,19:0,19:0,19:0,19:0,19:0,5:1,35:8,5:1,35:8,5:1,19:0,19:0,19:0,19:0,19:0
19:0,19:0,19:0,19:0,19:0,19:0,19:0,19:0,19:0,19:0,19:0,19:0,19:0,19:0,19:0,19:0,19:0,19:0,19:0,19:0,19:0,19:0,19:0,19:0,19:0,19:0,19:0,19:0,19:0,19:0,19:0,19:0
19:0,19:0,19:0,19:0,19:0,19:0,35:7,35:8,35:7,35:8,35:7,19:0,19:0,19:0,19:0,19:0,19:0,19:0,19:0,19:0,19:0,19:0,35:7,35:8,35:7,35:8,35:7,19:0,19:0,19:0,19:0,19:0
19:0,19:0,19:0,19:0,19:0,19:0,35:7,0:0,0:0,0:0,35:7,19:0,19:0,19:0,19:0,19:0,19:0,19:0,19:0,19:0,19:0,19:0,35:7,0:0,0:0,0:0,35:7,19:0,19:0,19:0,19:0,19:0
19:0,19:0,19:0,19:0,19:0,19:0,35:7,44:8,44:0,44:8,35:7,19:0,19:0,19:0,19:0,19:0,19:0,19:0,19:0,19:0,19:0,19:0,35:7,44:8,44:0,44:8,35:7,19:0,19:0,19:0,19:0,19:0
19:0,19:0,19:0,19:0,19:0,19:0,35:7,0:0,0:0,0:0,35:7,35:7,35:7,19:0,19:0,19:0,19:0,19:0,19:0,19:0,35:7,35:7,35:7,0:0,0:0,0:0,35:7,19:0,19:0,19:0,19:0,19:0
19:0,19:0,19:0,19:0,19:0,19:0,35:7,0:0,0:0,0:0,0:0,0:0,35:7,35:7,35:7,35:7,35:7,35:7,35:7,35:7,0:0,0:0,0:0,0:0,0:0,0:0,35:7,19:0,19:0,19:0,19:0,19:0
19:0,35:7,35:7,35:7,35:7,35:7,35:7,0:0,0:0,0:0,0:0,0:0,0:0,0:0,0:0,0:0,0:0,0:0,0:0,0:0,0:0,0:0,0:0,0:0,0:0,0:0,35:7,35:7,35:7,35:7,35:7,35:7
19:0,35:8,0:0,44:8,0:0,0:0,0:0,0:0,0:0,0:0,-117:0,0:0,0:0,0:0,44:8,0:0,0:0,0:0,44:8,0:0,0:0,0:0,-117:0,0:0,0:0,0:0,0:0,0:0,0:0,44:8,0:0,35:8
19:0,35:7,0:0,44:0,0:0,0:0,0:0,0:0,0:0,0:0,-117:0,0:0,0:0,0:0,0:0,0:0,0:0,0:0,0:0,0:0,0:0,0:0,-117:0,0:0,0:0,0:0,0:0,0:0,0:0,44:0,0:0,35:7
19:0,35:8,0:0,44:8,0:0,0:0,0:0,0:0,0:0,0:0,0:0,0:0,0:0,0:0,0:0,0:0,0:0,0:0,0:0,0:0,0:0,0:0,0:0,0:0,0:0,0:0,0:0,0:0,0:0,44:8,0:0,35:8
19:0,35:7,35:7,35:7,35:7,0:0,0:0,-117:0,-117:0,0:0,0:0,0:0,-117:0,0:0,0:0,0:0,0:0,0:0,0:0,0:0,-117:0,0:0,0:0,0:0,-117:0,-117:0,0:0,0:0,35:7,35:7,35:7,35:7
19:0,19:0,19:0,19:0,35:7,0:0,0:0,0:0,0:0,0:0,0:0,0:0,0:0,0:0,0:0,0:0,0:0,0:0,0:0,0:0,0:0,0:0,0:0,0:0,0:0,0:0,0:0,0:0,35:7,19:0,19:0,19:0
19:0,19:0,19:0,19:0,35:7,0:0,0:0,0:0,0:0,0:0,-117:0,0:0,76:5,0:0,0:0,0:0,0:0,0:0,0:0,0:0,76:5,0:0,-117:0,0:0,0:0,0:0,0:0,0:0,35:7,19:0,19:0,19:0
19:0,19:0,19:0,19:0,19:0,35:7,0:0,0:0,0:0,0:0,0:0,0:0,0:0,0:0,0:0,0:0,0:0,0:0,0:0,0:0,0:0,0:0,0:0,0:0,0:0,0:0,0:0,35:7,19:0,19:0,19:0,19:0
19:0,19:0,19:0,19:0,19:0,35:7,0:0,44:8,0:0,0:0,0:0,0:0,0:0,0:0,0:0,0:0,0:0,0:0,0:0,0:0,0:0,0:0,0:0,0:0,0:0,44:8,0:0,35:7,19:0,19:0,19:0,19:0
19:0,19:0,19:0,19:0,19:0,35:7,0:0,0:0,0:0,0:0,0:0,0:0,0:0,0:0,0:0,0:0,0:0,0:0,0:0,0:0,0:0,0:0,0:0,0:0,0:0,0:0,0:0,35:7,19:0,19:0,19:0,19:0
19:0,19:0,19:0,19:0,19:0,35:7,0:0,0:0,0:0,0:0,0:0,0:0,0:0,0:0,0:0,0:0,20:0,0:0,0:0,0:0,0:0,0:0,0:0,0:0,0:0,0:0,0:0,35:7,19:0,19:0,19:0,19:0
19:0,19:0,19:0,19:0,19:0,35:7,0:0,0:0,0:0,0:0,0:0,0:0,0:0,0:0,0:0,0:0,0:0,0:0,0:0,0:0,0:0,0:0,0:0,0:0,0:0,0:0,0:0,35:7,19:0,19:0,19:0,19:0
19:0,19:0,19:0,19:0,19:0,35:7,0:0,44:8,0:0,0:0,0:0,0:0,0:0,0:0,0:0,0:0,0:0,0:0,0:0,0:0,0:0,0:0,0:0,0:0,0:0,44:8,0:0,35:7,19:0,19:0,19:0,19:0
19:0,19:0,19:0,19:0,19:0,35:7,0:0,0:0,0:0,0:0,0:0,0:0,0:0,0:0,0:0,0:0,0:0,0:0,0:0,0:0,0:0,0:0,0:0,0:0,0:0,0:0,0:0,35:7,19:0,19:0,19:0,19:0
19:0,19:0,19:0,19:0,35:7,0:0,0:0,0:0,0:0,0:0,-117:0,0:0,76:5,0:0,0:0,0:0,0:0,0:0,0:0,0:0,76:5,0:0,-117:0,0:0,0:0,0:0,0:0,0:0,35:7,19:0,19:0,19:0
19:0,19:0,19:0,19:0,35:7,0:0,0:0,0:0,0:0,0:0,0:0,0:0,0:0,0:0,0:0,0:0,0:0,0:0,0:0,0:0,0:0,0:0,0:0,0:0,0:0,0:0,0:0,0:0,35:7,19:0,19:0,19:0
19:0,35:7,35:7,35:7,35:7,0:0,0:0,0:0,0:0,0:0,0:0,0:0,-117:0,0:0,0:0,0:0,0:0,0:0,0:0,0:0,-117:0,0:0,0:0,0:0,0:0,0:0,0:0,0:0,35:7,35:7,35:7,35:7
19:0,35:8,0:0,44:8,0:0,0:0,0:0,0:0,0:0,0:0,0:0,0:0,0:0,0:0,0:0,0:0,0:0,0:0,0:0,0:0,0:0,0:0,0:0,0:0,0:0,0:0,0:0,0:0,0:0,44:8,0:0,35:8
19:0,35:7,0:0,44:0,0:0,0:0,0:0,0:0,0:0,0:0,0:0,0:0,0:0,0:0,0:0,0:0,0:0,0:0,0:0,0:0,0:0,0:0,0:0,0:0,0:0,0:0,0:0,0:0,0:0,44:0,0:0,35:7
19:0,35:8,0:0,44:8,0:0,0:0,0:0,0:0,0:0,0:0,0:0,0:0,0:0,0:0,44:8,0:0,0:0,0:0,44:8,0:0,0:0,0:0,0:0,0:0,0:0,0:0,0:0,0:0,0:0,44:8,0:0,35:8
19:0,35:7,35:7,35:7,35:7,35:7,35:7,0:0,0:0,0:0,0:0,0:0,0:0,0:0,0:0,0:0,0:0,0:0,0:0,0:0,0:0,0:0,0:0,0:0,0:0,0:0,35:7,35:7,35:7,35:7,35:7,35:7
19:0,19:0,19:0,19:0,19:0,19:0,35:7,0:0,0:0,0:0,0:0,0:0,0:0,35:7,35:7,35:7,35:7,35:7,35:7,35:7,0:0,0:0,0:0,0:0,0:0,0:0,35:7,19:0,19:0,19:0,19:0,19:0
19:0,19:0,19:0,19:0,19:0,19:0,35:7,0:0,0:0,0:0,35:7,35:7,35:7,19:0,19:0,19:0,19:0,19:0,19:0,19:0,35:7,35:7,35:7,0:0,0:0,0:0,35:7,19:0,19:0,19:0,19:0,19:0
19:0,19:0,19:0,19:0,19:0,19:0,35:7,44:8,44:0,44:8,35:7,19:0,19:0,19:0,19:0,19:0,19:0,19:0,19:0,19:0,19:0,19:0,35:7,44:8,44:0,44:8,35:7,19:0,19:0,19:0,19:0,19:0
19:0,19:0,19:0,19:0,19:0,19:0,35:7,0:0,0:0,0:0,35:7,19:0,19:0,19:0,19:0,19:0,19:0,19:0,19:0,19:0,19:0,19:0,35:7,0:0,0:0,0:0,35:7,19:0,19:0,19:0,19:0,19:0
19:0,19:0,19:0,19:0,19:0,19:0,35:7,35:8,35:7,35:8,35:7,19:0,19:0,19:0,19:0,19:0,19:0,19:0,19:0,19:0,19:0,19:0,35:7,35:8,35:7,35:8,35:7,19:0,19:0,19:0,19:0,19:0
19:0,19:0,19:0,19:0,19:0,19:0,19:0,19:0,19:0,19:0,19:0,19:0,19:0,19:0,19:0,19:0,19:0,19:0,19:0,19:0,19:0,19:0,19:0,19:0,19:0,19:0,19:0,19:0,19:0,19:0,19:0,19:0
19:0,19:0,19:0,19:0,19:0,19:0,19:0,35:8,19:0,35:8,19:0,19:0,19:0,19:0,19:0,19:0,19:0,19:0,19:0,19:0,19:0,19:0,19:0,35:8,19:0,35:8,19:0,19:0,19:0,19:0,19:0,19:0
19:0,19:0,19:0,19:0,19:0,19:0,35:8,101:0,35:7,101:0,35:8,19:0,19:0,19:0,19:0,19:0,19:0,19:0,19:0,19:0,19:0,19:0,35:8,101:0,35:7,101:0,35:8,19:0,19:0,19:0,19:0,19:0
19:0,19:0,19:0,19:0,19:0,19:0,124:0,101:0,35:7,101:0,124:0,19:0,19:0,19:0,19:0,19:0,19:0,19:0,19:0,19:0,19:0,19:0,124:0,101:0,35:7,101:0,124:0,19:0,19:0,19:0,19:0,19:0
19:0,19:0,19:0,19:0,19:0,19:0,35:8,101:0,35:7,101:0,35:7,35:8,19:0,19:0,19:0,19:0,19:0,19:0,19:0,19:0,35:8,35:8,35:7,101:0,35:7,101:0,35:8,19:0,19:0,19:0,19:0,19:0
19:0,19:0,19:0,19:0,19:0,19:0,35:8,101:0,35:7,101:0,35:7,0:0,35:8,35:8,35:8,35:8,124:0,35:8,35:8,35:8,0:0,0:0,35:7,101:0,35:7,101:0,35:8,19:0,19:0,19:0,19:0,19:0
19:0,19:0,35:8,124:0,35:8,35:8,35:7,101:0,35:7,101:0,35:7,0:0,0:0,0:0,0:0,0:0,0:0,0:0,0:0,0:0,0:0,0:0,35:7,101:0,35:7,101:0,35:7,35:8,35:8,124:0,35:8,19:0
19:0,35:8,101:0,101:0,101:0,101:0,101:0,101:0,35:7,101:0,35:7,35:7,35:7,35:7,35:7,44:8,0:0,44:8,35:7,35:7,35:7,35:7,35:7,101:0,35:7,101:0,101:0,101:0,101:0,101:0,101:0,35:8
19:0,19:0,35:7,35:7,35:7,35:7,35:7,35:7,35:7,101:0,35:7,0:0,0:0,0:0,0:0,0:0,0:0,0:0,0:0,0:0,0:0,0:0,35:7,101:0,35:7,35:7,35:7,35:7,35:7,35:7,35:7,19:0
19:0,35:8,101:0,101:0,101:0,101:0,101:0,101:0,101:0,101:0,35:7,0:0,0:0,0:0,0:0,0:0,0:0,0:0,0:0,0:0,0:0,0:0,35:7,101:0,101:0,101:0,101:0,101:0,101:0,101:0,101:0,35:8
19:0,19:0,35:8,124:0,35:7,35:7,35:7,35:7,35:7,35:7,0:0,0:0,-117:0,0:0,0:0,0:0,0:0,0:0,0:0,0:0,-117:0,0:0,0:0,35:7,35:7,35:7,35:7,35:7,35:7,124:0,35:8,19:0
19:0,19:0,19:0,19:0,35:8,0:0,0:0,35:7,0:0,0:0,0:0,0:0,0:0,0:0,0:0,0:0,0:0,0:0,0:0,0:0,0:0,0:0,0:0,0:0,0:0,35:7,0:0,0:0,35:8,19:0,19:0,19:0
19:0,19:0,19:0,19:0,35:8,0:0,0:0,35:7,0:0,0:0,-117:0,0:0,0:0,0:0,0:0,0:0,0:0,0:0,0:0,0:0,0:0,0:0,-117:0,0:0,0:0,35:7,0:0,0:0,35:8,19:0,19:0,19:0
19:0,19:0,19:0,19:0,19:0,35:8,0:0,35:7,0:0,0:0,0:0,0:0,0:0,0:0,0:0,0:0,0:0,0:0,0:0,0:0,0:0,0:0,0:0,0:0,0:0,35:7,0:0,35:8,19:0,19:0,19:0,19:0
19:0,19:0,19:0,19:0,19:0,35:8,0:0,35:7,0:0,0:0,0:0,0:0,0:0,0:0,0:0,0:0,0:0,0:0,0:0,0:0,0:0,0:0,0:0,0:0,0:0,35:7,0:0,35:8,19:0,19:0,19:0,19:0
19:0,19:0,19:0,19:0,19:0,35:8,0:0,44:8,0:0,0:0,0:0,0:0,0:0,0:0,0:0,0:0,102:0,0:0,0:0,0:0,0:0,0:0,0:0,0:0,0:0,44:8,0:0,35:8,19:0,19:0,19:0,19:0
19:0,19:0,19:0,19:0,19:0,124:0,0:0,0:0,0:0,0:0,0:0,0:0,0:0,0:0,0:0,102:0,20:0,102:0,0:0,0:0,0:0,0:0,0:0,0:0,0:0,0:0,0:0,124:0,19:0,19:0,19:0,19:0
19:0,19:0,19:0,19:0,19:0,35:8,0:0,44:8,0:0,0:0,0:0,0:0,0:0,0:0,0:0,0:0,102:0,0:0,0:0,0:0,0:0,0:0,0:0,0:0,0:0,44:8,0:0,35:8,19:0,19:0,19:0,19:0
19:0,19:0,19:0,19:0,19:0,35:8,0:0,35:7,0:0,0:0,0:0,0:0,0:0,0:0,0:0,0:0,0:0,0:0,0:0,0:0,0:0,0:0,0:0,0:0,0:0,35:7,0:0,35:8,19:0,19:0,19:0,19:0
19:0,19:0,19:0,19:0,19:0,35:8,0:0,35:7,0:0,0:0,0:0,0:0,0:0,0:0,0:0,0:0,0:0,0:0,0:0,0:0,0:0,0:0,0:0,0:0,0:0,35:7,0:0,35:8,19:0,19:0,19:0,19:0
19:0,19:0,19:0,19:0,35:8,0:0,0:0,35:7,0:0,0:0,-117:0,0:0,0:0,0:0,0:0,0:0,0:0,0:0,0:0,0:0,0:0,0:0,-117:0,0:0,0:0,35:7,0:0,0:0,35:8,19:0,19:0,19:0
19:0,19:0,19:0,19:0,35:8,0:0,0:0,35:7,0:0,0:0,0:0,0:0,0:0,0:0,0:0,0:0,0:0,0:0,0:0,0:0,0:0,0:0,0:0,0:0,0:0,35:7,0:0,0:0,35:8,19:0,19:0,19:0
19:0,19:0,35:8,124:0,35:7,35:7,35:7,35:7,35:7,35:7,0:0,0:0,-117:0,0:0,0:0,0:0,0:0,0:0,0:0,0:0,-117:0,0:0,0:0,35:7,35:7,35:7,35:7,35:7,35:7,124:0,35:8,19:0
19:0,35:8,101:0,101:0,101:0,101:0,101:0,101:0,101:0,101:0,35:7,0:0,0:0,0:0,0:0,0:0,0:0,0:0,0:0,0:0,0:0,0:0,35:7,101:0,101:0,101:0,101:0,101:0,101:0,101:0,101:0,35:8
19:0,19:0,35:7,35:7,35:7,35:7,35:7,35:7,35:7,101:0,35:7,0:0,0:0,0:0,0:0,0:0,0:0,0:0,0:0,0:0,0:0,0:0,35:7,101:0,35:7,35:7,35:7,35:7,35:7,35:7,35:7,19:0
19:0,35:8,101:0,101:0,101:0,101:0,101:0,101:0,35:7,101:0,35:7,35:7,35:7,35:7,35:7,44:8,0:0,44:8,35:7,35:7,35:7,35:7,35:7,101:0,35:7,101:0,101:0,101:0,101:0,101:0,101:0,35:8
19:0,19:0,35:8,124:0,35:8,35:8,35:7,101:0,35:7,101:0,35:7,0:0,0:0,0:0,0:0,0:0,0:0,0:0,0:0,0:0,0:0,0:0,35:7,101:0,35:7,101:0,35:7,35:8,35:8,124:0,35:8,19:0
19:0,19:0,19:0,19:0,19:0,19:0,35:8,101:0,35:7,101:0,35:7,0:0,0:0,35:8,35:8,35:8,124:0,35:8,35:8,35:8,0:0,0:0,35:7,101:0,35:7,101:0,35:8,19:0,19:0,19:0,19:0,19:0
19:0,19:0,19:0,19:0,19:0,19:0,35:8,101:0,35:7,101:0,35:7,35:8,35:8,19:0,19:0,19:0,19:0,19:0,19:0,19:0,35:8,35:8,35:7,101:0,35:7,101:0,35:8,19:0,19:0,19:0,19:0,19:0
19:0,19:0,19:0,19:0,19:0,19:0,124:0,101:0,35:7,101:0,124:0,19:0,19:0,19:0,19:0,19:0,19:0,19:0,19:0,19:0,19:0,19:0,124:0,101:0,35:7,101:0,124:0,19:0,19:0,19:0,19:0,19:0
19:0,19:0,19:0,19:0,19:0,19:0,35:8,101:0,35:7,101:0,35:8,19:0,19:0,19:0,19:0,19:0,19:0,19:0,19:0,19:0,19:0,19:0,35:8,101:0,35:7,101:0,35:8,19:0,19:0,19:0,19:0,19:0
19:0,19:0,19:0,19:0,19:0,19:0,19:0,35:8,19:0,35:8,19:0,19:0,19:0,19:0,19:0,19:0,19:0,19:0,19:0,19:0,19:0,19:0,19:0,35:8,19:0,35:8,19:0,19:0,19:0,19:0,19:0,19:0
19:0,19:0,19:0,19:0,19:0,19:0,19:0,19:0,19:0,19:0,19:0,19:0,19:0,19:0,19:0,19:0,19:0,19:0,19:0,19:0,19:0,19:0,19:0,19:0,19:0,19:0,19:0,19:0,19:0,19:0,19:0,19:0
19:0,19:0,19:0,19:0,19:0,19:0,19:0,19:0,19:0,19:0,19:0,19:0,19:0,19:0,19:0,19:0,19:0,19:0,19:0,19:0,19:0,19:0,19:0,19:0,19:0,19:0,19:0,19:0,19:0,19:0,19:0,19:0
19:0,19:0,19:0,19:0,19:0,19:0,19:0,35:8,19:0,35:8,19:0,19:0,19:0,19:0,19:0,19:0,19:0,19:0,19:0,19:0,19:0,19:0,19:0,35:8,19:0,35:8,19:0,19:0,19:0,19:0,19:0,19:0
19:0,19:0,19:0,19:0,19:0,19:0,69:14,35:8,19:0,35:8,69:14,19:0,19:0,19:0,19:0,19:0,19:0,19:0,19:0,19:0,19:0,19:0,69:13,35:8,19:0,35:8,69:13,19:0,19:0,19:0,19:0,19:0
19:0,19:0,19:0,19:0,19:0,19:0,19:0,35:8,19:0,35:8,19:0,19:0,19:0,19:0,19:0,19:0,19:0,19:0,19:0,19:0,19:0,19:0,19:0,35:8,19:0,35:8,19:0,19:0,19:0,19:0,19:0,19:0
19:0,19:0,19:0,19:0,19:0,19:0,19:0,35:8,19:0,35:8,19:0,35:8,19:0,19:0,19:0,19:0,69:13,19:0,19:0,19:0,35:8,35:8,19:0,35:8,19:0,35:8,19:0,19:0,19:0,19:0,19:0,19:0
19:0,19:0,19:0,69:13,19:0,19:0,19:0,35:8,19:0,35:8,19:0,35:8,35:8,35:8,35:8,35:8,35:8,35:8,35:8,35:8,35:8,35:8,19:0,35:8,19:0,35:8,19:0,19:0,19:0,69:14,19:0,19:0
19:0,19:0,35:8,35:8,35:8,35:8,35:8,35:8,19:0,35:8,19:0,19:0,19:0,35:7,35:7,35:7,0:0,35:7,35:7,35:7,19:0,19:0,19:0,35:8,19:0,35:8,35:8,35:8,35:8,35:8,35:8,19:0
19:0,19:0,19:0,19:0,19:0,19:0,19:0,19:0,19:0,35:8,19:0,35:7,35:7,0:0,0:0,0:0,0:0,0:0,0:0,0:0,35:7,35:7,19:0,35:8,19:0,19:0,19:0,19:0,19:0,19:0,19:0,19:0
19:0,19:0,35:8,35:8,35:8,35:8,35:8,35:8,35:8,35:8,19:0,35:7,0:0,0:0,0:0,0:0,0:0,0:0,0:0,0:0,0:0,35:7,19:0,35:8,35:8,35:8,35:8,35:8,35:8,35:8,35:8,19:0
19:0,19:0,19:0,69:13,19:0,19:0,19:0,19:0,19:0,19:0,35:7,0:0,-117:0,-117:0,0:0,0:0,0:0,0:0,0:0,-117:0,-117:0,0:0,35:7,19:0,19:0,19:0,19:0,19:0,19:0,69:14,19:0,19:0
19:0,19:0,19:0,19:0,19:0,35:8,35:8,19:0,35:7,35:7,0:0,0:0,0:0,0:0,0:0,0:0,0:0,0:0,0:0,0:0,0:0,0:0,0:0,35:7,35:7,19:0,35:8,35:8,19:0,19:0,19:0,19:0
19:0,19:0,19:0,19:0,19:0,35:8,35:8,19:0,35:7,0:0,-117:0,0:0,0:0,0:0,0:0,0:0,0:0,0:0,0:0,0:0,0:0,0:0,-117:0,0:0,35:7,19:0,35:8,35:8,19:0,19:0,19:0,19:0
19:0,19:0,19:0,19:0,19:0,19:0,35:8,35:7,0:0,0:0,-117:0,0:0,0:0,0:0,0:0,0:0,0:0,0:0,0:0,0:0,0:0,0:0,-117:0,0:0,0:0,35:7,35:8,19:0,19:0,19:0,19:0,19:0
19:0,19:0,19:0,19:0,19:0,19:0,35:8,35:7,0:0,0:0,0:0,0:0,0:0,0:0,0:0,0:0,0:0,0:0,0:0,0:0,0:0,0:0,0:0,0:0,0:0,35:7,35:8,19:0,19:0,19:0,19:0,19:0
19:0,19:0,19:0,19:0,19:0,19:0,35:8,35:7,0:0,0:0,0:0,0:0,0:0,0:0,0:0,113:0,44:6,113:0,0:0,0:0,0:0,0:0,0:0,0:0,0:0,35:7,35:8,19:0,19:0,19:0,19:0,19:0
19:0,19:0,19:0,19:0,19:0,69:14,35:8,0:0,0:0,0:0,0:0,0:0,0:0,0:0,0:0,44:6,20:0,44:6,0:0,0:0,0:0,0:0,0:0,0:0,0:0,0:0,35:8,69:14,19:0,19:0,19:0,19:0
19:0,19:0,19:0,19:0,19:0,19:0,35:8,35:7,0:0,0:0,0:0,0:0,0:0,0:0,0:0,113:0,44:6,113:0,0:0,0:0,0:0,0:0,0:0,0:0,0:0,35:7,35:8,19:0,19:0,19:0,19:0,19:0
19:0,19:0,19:0,19:0,19:0,19:0,35:8,35:7,0:0,0:0,0:0,0:0,0:0,0:0,0:0,0:0,0:0,0:0,0:0,0:0,0:0,0:0,0:0,0:0,0:0,35:7,35:8,19:0,19:0,19:0,19:0,19:0
19:0,19:0,19:0,19:0,19:0,19:0,35:8,35:7,0:0,0:0,-117:0,0:0,0:0,0:0,0:0,0:0,0:0,0:0,0:0,0:0,0:0,0:0,-117:0,0:0,0:0,35:7,35:8,19:0,19:0,19:0,19:0,19:0
19:0,19:0,19:0,19:0,19:0,35:8,35:8,19:0,35:7,0:0,-117:0,0:0,0:0,0:0,0:0,0:0,0:0,0:0,0:0,0:0,0:0,0:0,-117:0,0:0,35:7,19:0,35:8,35:8,19:0,19:0,19:0,19:0
19:0,19:0,19:0,19:0,19:0,35:8,35:8,19:0,35:7,35:7,0:0,0:0,0:0,0:0,0:0,0:0,0:0,0:0,0:0,0:0,0:0,0:0,0:0,35:7,35:7,19:0,35:8,35:8,19:0,19:0,19:0,19:0
19:0,19:0,19:0,69:14,19:0,19:0,19:0,19:0,19:0,19:0,35:7,0:0,-117:0,-117:0,0:0,0:0,0:0,0:0,0:0,-117:0,-117:0,0:0,35:7,19:0,19:0,19:0,19:0,19:0,19:0,69:13,19:0,19:0
19:0,19:0,35:8,35:8,35:8,35:8,35:8,35:8,35:8,35:8,19:0,35:7,0:0,0:0,0:0,0:0,0:0,0:0,0:0,0:0,0:0,35:7,19:0,35:8,35:8,35:8,35:8,35:8,35:8,35:8,35:8,19:0
19:0,19:0,19:0,19:0,19:0,19:0,19:0,19:0,19:0,35:8,19:0,35:7,35:7,0:0,0:0,0:0,0:0,0:0,0:0,0:0,35:7,35:7,19:0,35:8,19:0,19:0,19:0,19:0,19:0,19:0,19:0,19:0
19:0,19:0,35:8,35:8,35:8,35:8,35:8,35:8,19:0,35:8,19:0,19:0,19:0,35:7,35:7,35:7,0:0,35:7,35:7,35:7,19:0,19:0,19:0,35:8,19:0,35:8,35:8,35:8,35:8,35:8,35:8,19:0
19:0,19:0,19:0,69:14,19:0,19:0,19:0,35:8,19:0,35:8,19:0,35:8,35:8,35:8,35:8,35:8,35:8,35:8,35:8,35:8,35:8,35:8,19:0,35:8,19:0,35:8,19:0,19:0,19:0,69:13,19:0,19:0
19:0,19:0,19:0,19:0,19:0,19:0,19:0,35:8,19:0,35:8,19:0,35:8,35:8,19:0,19:0,19:0,69:13,19:0,19:0,19:0,35:8,35:8,19:0,35:8,19:0,35:8,19:0,19:0,19:0,19:0,19:0,19:0
19:0,19:0,19:0,19:0,19:0,19:0,19:0,35:8,19:0,35:8,19:0,19:0,19:0,19:0,19:0,19:0,19:0,19:0,19:0,19:0,19:0,19:0,19:0,35:8,19:0,35:8,19:0,19:0,19:0,19:0,19:0,19:0
19:0,19:0,19:0,19:0,19:0,19:0,69:13,35:8,19:0,35:8,69:13,19:0,19:0,19:0,19:0,19:0,19:0,19:0,19:0,19:0,19:0,19:0,69:14,35:8,19:0,35:8,69:14,19:0,19:0,19:0,19:0,19:0
19:0,19:0,19:0,19:0,19:0,19:0,19:0,35:8,19:0,35:8,19:0,19:0,19:0,19:0,19:0,19:0,19:0,19:0,19:0,19:0,19:0,19:0,19:0,35:8,19:0,35:8,19:0,19:0,19:0,19:0,19:0,19:0
19:0,19:0,19:0,19:0,19:0,19:0,19:0,19:0,19:0,19:0,19:0,19:0,19:0,19:0,19:0,19:0,19:0,19:0,19:0,19:0,19:0,19:0,19:0,19:0,19:0,19:0,19:0,19:0,19:0,19:0,19:0,19:0
19:0,19:0,19:0,19:0,19:0,19:0,19:0,19:0,19:0,19:0,19:0,19:0,19:0,19:0,19:0,19:0,19:0,19:0,19:0,19:0,19:0,19:0,19:0,19:0,19:0,19:0,19:0,19:0,19:0,19:0,19:0,19:0
19:0,19:0,19:0,19:0,19:0,19:0,19:0,19:0,19:0,19:0,19:0,19:0,19:0,19:0,19:0,19:0,19:0,19:0,19:0,19:0,19:0,19:0,19:0,19:0,19:0,19:0,19:0,19:0,19:0,19:0,19:0,19:0
19:0,19:0,19:0,19:0,19:0,19:0,19:0,19:0,19:0,19:0,19:0,19:0,19:0,19:0,19:0,19:0,19:0,19:0,19:0,19:0,19:0,19:0,19:0,19:0,19:0,19:0,19:0,19:0,19:0,19:0,19:0,19:0
19:0,19:0,19:0,19:0,19:0,19:0,19:0,19:0,19:0,19:0,19:0,19:0,19:0,19:0,19:0,19:0,19:0,19:0,19:0,19:0,19:0,19:0,19:0,19:0,19:0,19:0,19:0,19:0,19:0,19:0,19:0,19:0
19:0,19:0,19:0,19:0,19:0,19:0,19:0,19:0,19:0,19:0,19:0,19:0,19:0,19:0,19:0,19:0,19:0,19:0,19:0,19:0,19:0,19:0,19:0,19:0,19:0,19:0,19:0,19:0,19:0,19:0,19:0,19:0
19:0,19:0,19:0,19:0,19:0,19:0,19:0,19:0,19:0,19:0,19:0,19:0,19:0,19:0,19:0,19:0,19:0,19:0,19:0,19:0,19:0,19:0,19:0,19:0,19:0,19:0,19:0,19:0,19:0,19:0,19:0,19:0
19:0,19:0,19:0,19:0,19:0,19:0,19:0,19:0,19:0,19:0,19:0,19:0,19:0,19:0,19:0,19:0,35:8,19:0,19:0,19:0,19:0,19:0,19:0,19:0,19:0,19:0,19:0,19:0,19:0,19:0,19:0,19:0
19:0,19:0,19:0,19:0,19:0,19:0,19:0,19:0,19:0,19:0,19:0,19:0,19:0,19:0,19:0,35:7,0:0,35:7,19:0,19:0,19:0,19:0,19:0,19:0,19:0,19:0,19:0,19:0,19:0,19:0,19:0,19:0
19:0,19:0,19:0,19:0,19:0,19:0,19:0,19:0,19:0,19:0,19:0,124:0,35:7,35:7,35:7,0:0,0:0,0:0,35:7,35:7,35:7,124:0,19:0,19:0,19:0,19:0,19:0,19:0,19:0,19:0,19:0,19:0
19:0,19:0,19:0,19:0,19:0,19:0,19:0,19:0,19:0,19:0,35:7,20:0,35:7,0:0,0:0,0:0,0:0,0:0,0:0,0:0,35:7,20:0,35:7,19:0,19:0,19:0,19:0,19:0,19:0,19:0,19:0,19:0
19:0,19:0,19:0,19:0,19:0,19:0,19:0,19:0,19:0,35:7,35:7,0:0,76:5,-104:0,0:0,0:0,0:0,0:0,0:0,-104:0,76:5,0:0,35:7,35:7,19:0,19:0,19:0,19:0,19:0,19:0,19:0,19:0
19:0,19:0,19:0,19:0,19:0,19:0,19:0,19:0,124:0,20:0,0:0,0:0,0:0,0:0,0:0,0:0,0:0,0:0,0:0,0:0,0:0,0:0,0:0,20:0,124:0,19:0,19:0,19:0,19:0,19:0,19:0,19:0
19:0,19:0,19:0,19:0,19:0,19:0,19:0,19:0,35:7,35:7,76:5,0:0,0:0,0:0,0:0,0:0,0:0,0:0,0:0,0:0,0:0,0:0,76:5,35:7,35:7,19:0,19:0,19:0,19:0,19:0,19:0,19:0
19:0,19:0,19:0,19:0,19:0,19:0,19:0,19:0,35:7,0:0,-104:0,0:0,0:0,0:0,0:0,0:0,0:0,0:0,0:0,0:0,0:0,0:0,-104:0,0:0,35:7,19:0,19:0,19:0,19:0,19:0,19:0,19:0
19:0,19:0,19:0,19:0,19:0,19:0,19:0,19:0,35:7,0:0,0:0,0:0,0:0,0:0,0:0,0:0,0:0,0:0,0:0,0:0,0:0,0:0,0:0,0:0,35:7,19:0,19:0,19:0,19:0,19:0,19:0,19:0
19:0,19:0,19:0,19:0,19:0,19:0,19:0,35:7,0:0,0:0,0:0,0:0,0:0,0:0,0:0,113:0,44:6,113:0,0:0,0:0,0:0,0:0,0:0,0:0,0:0,35:7,19:0,19:0,19:0,19:0,19:0,19:0
19:0,19:0,19:0,19:0,19:0,19:0,35:8,0:0,0:0,0:0,0:0,0:0,0:0,0:0,0:0,44:6,20:0,44:6,0:0,0:0,0:0,0:0,0:0,0:0,0:0,0:0,35:8,19:0,19:0,19:0,19:0,19:0
19:0,19:0,19:0,19:0,19:0,19:0,19:0,35:7,0:0,0:0,0:0,0:0,0:0,0:0,0:0,113:0,44:6,113:0,0:0,0:0,0:0,0:0,0:0,0:0,0:0,35:7,19:0,19:0,19:0,19:0,19:0,19:0
19:0,19:0,19:0,19:0,19:0,19:0,19:0,19:0,35:7,0:0,0:0,0:0,0:0,0:0,0:0,0:0,0:0,0:0,0:0,0:0,0:0,0:0,0:0,0:0,35:7,19:0,19:0,19:0,19:0,19:0,19:0,19:0
19:0,19:0,19:0,19:0,19:0,19:0,19:0,19:0,35:7,0:0,-104:0,0:0,0:0,0:0,0:0,0:0,0:0,0:0,0:0,0:0,0:0,0:0,-104:0,0:0,35:7,19:0,19:0,19:0,19:0,19:0,19:0,19:0
19:0,19:0,19:0,19:0,19:0,19:0,19:0,19:0,35:7,35:7,76:5,0:0,0:0,0:0,0:0,0:0,0:0,0:0,0:0,0:0,0:0,0:0,76:5,35:7,35:7,19:0,19:0,19:0,19:0,19:0,19:0,19:0
19:0,19:0,19:0,19:0,19:0,19:0,19:0,19:0,124:0,20:0,0:0,0:0,0:0,0:0,0:0,0:0,0:0,0:0,0:0,0:0,0:0,0:0,0:0,20:0,124:0,19:0,19:0,19:0,19:0,19:0,19:0,19:0
19:0,19:0,19:0,19:0,19:0,19:0,19:0,19:0,19:0,35:7,35:7,0:0,76:5,-104:0,0:0,0:0,0:0,0:0,0:0,-104:0,76:5,0:0,35:7,35:7,19:0,19:0,19:0,19:0,19:0,19:0,19:0,19:0
19:0,19:0,19:0,19:0,19:0,19:0,19:0,19:0,19:0,19:0,35:7,20:0,35:7,0:0,0:0,0:0,0:0,0:0,0:0,0:0,35:7,20:0,35:7,19:0,19:0,19:0,19:0,19:0,19:0,19:0,19:0,19:0
19:0,19:0,19:0,19:0,19:0,19:0,19:0,19:0,19:0,19:0,19:0,124:0,35:7,35:7,35:7,0:0,0:0,0:0,35:7,35:7,35:7,124:0,19:0,19:0,19:0,19:0,19:0,19:0,19:0,19:0,19:0,19:0
19:0,19:0,19:0,19:0,19:0,19:0,19:0,19:0,19:0,19:0,19:0,19:0,19:0,19:0,19:0,35:7,0:0,35:7,19:0,19:0,19:0,19:0,19:0,19:0,19:0,19:0,19:0,19:0,19:0,19:0,19:0,19:0
19:0,19:0,19:0,19:0,19:0,19:0,19:0,19:0,19:0,19:0,19:0,19:0,19:0,19:0,19:0,19:0,35:8,19:0,19:0,19:0,19:0,19:0,19:0,19:0,19:0,19:0,19:0,19:0,19:0,19:0,19:0,19:0
19:0,19:0,19:0,19:0,19:0,19:0,19:0,19:0,19:0,19:0,19:0,19:0,19:0,19:0,19:0,19:0,19:0,19:0,19:0,19:0,19:0,19:0,19:0,19:0,19:0,19:0,19:0,19:0,19:0,19:0,19:0,19:0
19:0,19:0,19:0,19:0,19:0,19:0,19:0,19:0,19:0,19:0,19:0,19:0,19:0,19:0,19:0,19:0,19:0,19:0,19:0,19:0,19:0,19:0,19:0,19:0,19:0,19:0,19:0,19:0,19:0,19:0,19:0,19:0
19:0,19:0,19:0,19:0,19:0,19:0,19:0,19:0,19:0,19:0,19:0,19:0,19:0,19:0,19:0,19:0,19:0,19:0,19:0,19:0,19:0,19:0,19:0,19:0,19:0,19:0,19:0,19:0,19:0,19:0,19:0,19:0
19:0,19:0,19:0,19:0,19:0,19:0,19:0,19:0,19:0,19:0,19:0,19:0,19:0,19:0,19:0,19:0,19:0,19:0,19:0,19:0,19:0,19:0,19:0,19:0,19:0,19:0,19:0,19:0,19:0,19:0,19:0,19:0
19:0,19:0,19:0,19:0,19:0,19:0,19:0,19:0,19:0,19:0,19:0,19:0,19:0,19:0,19:0,19:0,19:0,19:0,19:0,19:0,19:0,19:0,19:0,19:0,19:0,19:0,19:0,19:0,19:0,19:0,19:0,19:0
19:0,19:0,19:0,19:0,19:0,19:0,19:0,19:0,19:0,19:0,19:0,19:0,19:0,19:0,19:0,19:0,19:0,19:0,19:0,19:0,19:0,19:0,19:0,19:0,19:0,19:0,19:0,19:0,19:0,19:0,19:0,19:0
19:0,19:0,19:0,19:0,19:0,19:0,19:0,19:0,19:0,19:0,19:0,19:0,19:0,19:0,19:0,19:0,19:0,19:0,19:0,19:0,19:0,19:0,19:0,19:0,19:0,19:0,19:0,19:0,19:0,19:0,19:0,19:0
19:0,19:0,19:0,19:0,19:0,19:0,19:0,19:0,19:0,19:0,19:0,19:0,19:0,19:0,19:0,19:0,19:0,19:0,19:0,19:0,19:0,19:0,19:0,19:0,19:0,19:0,19:0,19:0,19:0,19:0,19:0,19:0
19:0,19:0,19:0,19:0,19:0,19:0,19:0,19:0,19:0,19:0,19:0,19:0,19:0,19:0,19:0,19:0,19:0,19:0,19:0,19:0,19:0,19:0,19:0,19:0,19:0,19:0,19:0,19:0,19:0,19:0,19:0,19:0
19:0,19:0,19:0,19:0,19:0,19:0,19:0,19:0,19:0,19:0,19:0,19:0,19:0,19:0,19:0,19:0,19:0,19:0,19:0,19:0,19:0,19:0,19:0,19:0,19:0,19:0,19:0,19:0,19:0,19:0,19:0,19:0
19:0,19:0,19:0,19:0,19:0,19:0,19:0,19:0,19:0,19:0,19:0,19:0,19:0,19:0,19:0,19:0,19:0,19:0,19:0,19:0,19:0,19:0,19:0,19:0,19:0,19:0,19:0,19:0,19:0,19:0,19:0,19:0
19:0,19:0,19:0,19:0,19:0,19:0,19:0,19:0,19:0,19:0,19:0,19:0,19:0,19:0,19:0,19:0,35:8,19:0,19:0,19:0,19:0,19:0,19:0,19:0,19:0,19:0,19:0,19:0,19:0,19:0,19:0,19:0
19:0,19:0,19:0,19:0,19:0,19:0,19:0,19:0,19:0,19:0,19:0,19:0,19:0,19:0,19:0,35:7,35:7,35:7,19:0,19:0,19:0,19:0,19:0,19:0,19:0,19:0,19:0,19:0,19:0,19:0,19:0,19:0
19:0,19:0,19:0,19:0,19:0,19:0,19:0,19:0,19:0,19:0,19:0,69:13,19:0,19:0,35:7,35:7,0:0,35:7,35:7,19:0,19:0,69:13,19:0,19:0,19:0,19:0,19:0,19:0,19:0,19:0,19:0,19:0
19:0,19:0,19:0,19:0,19:0,19:0,19:0,19:0,19:0,19:0,19:0,35:7,19:0,35:7,35:7,0:0,0:0,0:0,35:7,35:7,19:0,35:7,19:0,19:0,19:0,19:0,19:0,19:0,19:0,19:0,19:0,19:0
19:0,19:0,19:0,19:0,19:0,19:0,19:0,19:0,19:0,19:0,19:0,35:7,35:7,35:7,0:0,0:0,0:0,0:0,0:0,35:7,35:7,35:7,19:0,19:0,19:0,19:0,19:0,19:0,19:0,19:0,19:0,19:0
19:0,19:0,19:0,19:0,19:0,19:0,19:0,19:0,69:13,35:7,35:7,35:7,35:7,35:7,0:0,0:0,0:0,0:0,0:0,35:7,35:7,35:7,35:7,35:7,69:13,19:0,19:0,19:0,19:0,19:0,19:0,19:0
19:0,19:0,19:0,19:0,19:0,19:0,19:0,19:0,19:0,19:0,35:7,35:7,35:7,35:7,0:0,0:0,0:0,0:0,0:0,35:7,35:7,35:7,35:7,19:0,19:0,19:0,19:0,19:0,19:0,19:0,19:0,19:0
19:0,19:0,19:0,19:0,19:0,19:0,19:0,19:0,19:0,35:7,35:7,35:7,35:7,35:7,0:0,0:0,0:0,0:0,0:0,35:7,35:7,35:7,35:7,35:7,19:0,19:0,19:0,19:0,19:0,19:0,19:0,19:0
19:0,19:0,19:0,19:0,19:0,19:0,19:0,19:0,35:7,35:7,0:0,0:0,0:0,0:0,0:0,0:0,44:6,0:0,0:0,0:0,0:0,0:0,0:0,0:0,35:7,19:0,19:0,19:0,19:0,19:0,19:0,19:0
19:0,19:0,19:0,19:0,19:0,19:0,19:0,35:7,35:7,0:0,0:0,0:0,0:0,0:0,0:0,44:6,89:0,44:6,0:0,0:0,0:0,0:0,0:0,0:0,35:7,35:7,19:0,19:0,19:0,19:0,19:0,19:0
19:0,19:0,19:0,19:0,19:0,19:0,35:8,35:7,0:0,0:0,0:0,0:0,0:0,0:0,44:6,89:0,20:0,89:0,44:6,0:0,0:0,0:0,0:0,0:0,0:0,35:7,35:8,19:0,19:0,19:0,19:0,19:0
19:0,19:0,19:0,19:0,19:0,19:0,19:0,35:7,35:7,0:0,0:0,0:0,0:0,0:0,0:0,44:6,89:0,44:6,0:0,0:0,0:0,0:0,0:0,0:0,35:7,35:7,19:0,19:0,19:0,19:0,19:0,19:0
19:0,19:0,19:0,19:0,19:0,19:0,19:0,19:0,35:7,35:7,0:0,0:0,0:0,0:0,0:0,0:0,44:6,0:0,0:0,0:0,0:0,0:0,0:0,35:7,35:7,19:0,19:0,19:0,19:0,19:0,19:0,19:0
19:0,19:0,19:0,19:0,19:0,19:0,19:0,19:0,19:0,35:7,35:7,35:7,35:7,35:7,0:0,0:0,0:0,0:0,0:0,35:7,35:7,35:7,35:7,35:7,19:0,19:0,19:0,19:0,19:0,19:0,19:0,19:0
19:0,19:0,19:0,19:0,19:0,19:0,19:0,19:0,19:0,19:0,35:7,35:7,35:7,35:7,0:0,0:0,0:0,0:0,0:0,35:7,35:7,35:7,35:7,19:0,19:0,19:0,19:0,19:0,19:0,19:0,19:0,19:0
19:0,19:0,19:0,19:0,19:0,19:0,19:0,19:0,69:13,35:7,35:7,35:7,35:7,35:7,0:0,0:0,0:0,0:0,0:0,35:7,35:7,35:7,35:7,35:7,69:13,19:0,19:0,19:0,19:0,19:0,19:0,19:0
19:0,19:0,19:0,19:0,19:0,19:0,19:0,19:0,19:0,19:0,19:0,35:7,35:7,35:7,0:0,0:0,0:0,0:0,0:0,35:7,35:7,35:7,19:0,19:0,19:0,19:0,19:0,19:0,19:0,19:0,19:0,19:0
19:0,19:0,19:0,19:0,19:0,19:0,19:0,19:0,19:0,19:0,19:0,35:7,19:0,35:7,35:7,0:0,0:0,0:0,35:7,35:7,19:0,35:7,19:0,19:0,19:0,19:0,19:0,19:0,19:0,19:0,19:0,19:0
19:0,19:0,19:0,19:0,19:0,19:0,19:0,19:0,19:0,19:0,19:0,69:13,19:0,19:0,35:7,35:7,0:0,35:7,35:7,19:0,19:0,69:13,19:0,19:0,19:0,19:0,19:0,19:0,19:0,19:0,19:0,19:0
19:0,19:0,19:0,19:0,19:0,19:0,19:0,19:0,19:0,19:0,19:0,19:0,19:0,19:0,19:0,35:7,35:7,35:7,19:0,19:0,19:0,19:0,19:0,19:0,19:0,19:0,19:0,19:0,19:0,19:0,19:0,19:0
19:0,19:0,19:0,19:0,19:0,19:0,19:0,19:0,19:0,19:0,19:0,19:0,19:0,19:0,19:0,19:0,35:8,19:0,19:0,19:0,19:0,19:0,19:0,19:0,19:0,19:0,19:0,19:0,19:0,19:0,19:0,19:0
19:0,19:0,19:0,19:0,19:0,19:0,19:0,19:0,19:0,19:0,19:0,19:0,19:0,19:0,19:0,19:0,19:0,19:0,19:0,19:0,19:0,19:0,19:0,19:0,19:0,19:0,19:0,19:0,19:0,19:0,19:0,19:0
19:0,19:0,19:0,19:0,19:0,19:0,19:0,19:0,19:0,19:0,19:0,19:0,19:0,19:0,19:0,19:0,19:0,19:0,19:0,19:0,19:0,19:0,19:0,19:0,19:0,19:0,19:0,19:0,19:0,19:0,19:0,19:0
19:0,19:0,19:0,19:0,19:0,19:0,19:0,19:0,19:0,19:0,19:0,19:0,19:0,19:0,19:0,19:0,19:0,19:0,19:0,19:0,19:0,19:0,19:0,19:0,19:0,19:0,19:0,19:0,19:0,19:0,19:0,19:0
19:0,19:0,19:0,19:0,19:0,19:0,19:0,19:0,19:0,19:0,19:0,19:0,19:0,19:0,19:0,19:0,19:0,19:0,19:0,19:0,19:0,19:0,19:0,19:0,19:0,19:0,19:0,19:0,19:0,19:0,19:0,19:0
19:0,19:0,19:0,19:0,19:0,19:0,19:0,19:0,19:0,19:0,19:0,19:0,19:0,19:0,19:0,19:0,19:0,19:0,19:0,19:0,19:0,19:0,19:0,19:0,19:0,19:0,19:0,19:0,19:0,19:0,19:0,19:0
19:0,19:0,19:0,19:0,19:0,19:0,19:0,19:0,19:0,19:0,19:0,19:0,19:0,19:0,19:0,19:0,19:0,19:0,19:0,19:0,19:0,19:0,19:0,19:0,19:0,19:0,19:0,19:0,19:0,19:0,19:0,19:0
19:0,19:0,19:0,19:0,19:0,19:0,19:0,19:0,19:0,19:0,19:0,19:0,19:0,19:0,19:0,19:0,19:0,19:0,19:0,19:0,19:0,19:0,19:0,19:0,19:0,19:0,19:0,19:0,19:0,19:0,19:0,19:0
19:0,19:0,19:0,19:0,19:0,19:0,19:0,19:0,19:0,19:0,19:0,19:0,19:0,19:0,19:0,19:0,19:0,19:0,19:0,19:0,19:0,19:0,19:0,19:0,19:0,19:0,19:0,19:0,19:0,19:0,19:0,19:0
19:0,19:0,19:0,19:0,19:0,19:0,19:0,19:0,19:0,19:0,19:0,19:0,19:0,19:0,19:0,19:0,19:0,19:0,19:0,19:0,19:0,19:0,19:0,19:0,19:0,19:0,19:0,19:0,19:0,19:0,19:0,19:0
19:0,19:0,19:0,19:0,19:0,19:0,19:0,19:0,19:0,19:0,19:0,19:0,19:0,19:0,19:0,19:0,19:0,19:0,19:0,19:0,19:0,19:0,19:0,19:0,19:0,19:0,19:0,19:0,19:0,19:0,19:0,19:0
19:0,19:0,19:0,19:0,19:0,19:0,19:0,19:0,19:0,19:0,19:0,19:0,19:0,19:0,19:0,19:0,19:0,19:0,19:0,19:0,19:0,19:0,19:0,19:0,19:0,19:0,19:0,19:0,19:0,19:0,19:0,19:0
19:0,19:0,19:0,19:0,19:0,19:0,19:0,19:0,19:0,19:0,19:0,19:0,19:0,19:0,19:0,19:0,19:0,19:0,19:0,19:0,19:0,19:0,19:0,19:0,19:0,19:0,19:0,19:0,19:0,19:0,19:0,19:0
19:0,19:0,19:0,19:0,19:0,19:0,19:0,19:0,19:0,19:0,19:0,19:0,19:0,19:0,19:0,19:0,69:12,19:0,19:0,19:0,19:0,19:0,19:0,19:0,19:0,19:0,19:0,19:0,19:0,19:0,19:0,19:0
19:0,19:0,19:0,19:0,19:0,19:0,19:0,19:0,19:0,19:0,19:0,19:0,19:0,19:0,19:0,19:0,35:8,19:0,19:0,19:0,19:0,19:0,19:0,19:0,19:0,19:0,19:0,19:0,19:0,19:0,19:0,19:0
19:0,19:0,19:0,19:0,19:0,19:0,19:0,19:0,19:0,19:0,19:0,19:0,19:0,19:0,19:0,35:7,124:0,35:7,19:0,19:0,19:0,19:0,19:0,19:0,19:0,19:0,19:0,19:0,19:0,19:0,19:0,19:0
19:0,19:0,19:0,19:0,19:0,19:0,19:0,19:0,19:0,19:0,19:0,19:0,19:0,19:0,35:7,35:7,35:8,35:7,35:7,19:0,19:0,19:0,19:0,19:0,19:0,19:0,19:0,19:0,19:0,19:0,19:0,19:0
19:0,19:0,19:0,19:0,19:0,19:0,19:0,19:0,19:0,19:0,19:0,19:0,19:0,19:0,35:7,35:7,35:8,35:7,35:7,19:0,19:0,19:0,19:0,19:0,19:0,19:0,19:0,19:0,19:0,19:0,19:0,19:0
19:0,19:0,19:0,19:0,19:0,19:0,19:0,19:0,19:0,19:0,19:0,19:0,19:0,19:0,35:7,35:7,35:8,35:7,35:7,19:0,19:0,19:0,19:0,19:0,19:0,19:0,19:0,19:0,19:0,19:0,19:0,19:0
19:0,19:0,19:0,19:0,19:0,19:0,19:0,19:0,19:0,19:0,19:0,19:0,19:0,19:0,35:7,35:7,124:0,35:7,35:7,19:0,19:0,19:0,19:0,19:0,19:0,19:0,19:0,19:0,19:0,19:0,19:0,19:0
19:0,19:0,19:0,19:0,19:0,19:0,19:0,19:0,19:0,19:0,35:7,35:7,35:7,35:7,35:7,35:7,35:8,35:7,35:7,35:7,35:7,35:7,35:7,35:7,19:0,19:0,19:0,19:0,19:0,19:0,19:0,19:0
19:0,19:0,19:0,19:0,19:0,19:0,19:0,19:0,19:0,35:7,35:7,35:7,35:7,35:7,35:7,35:7,69:11,35:7,35:7,35:7,35:7,35:7,35:7,35:7,19:0,19:0,19:0,19:0,19:0,19:0,19:0,19:0
19:0,19:0,19:0,19:0,19:0,19:0,19:0,69:10,35:8,124:0,35:8,35:8,35:8,124:0,35:8,69:9,7:0,69:10,35:8,124:0,35:8,35:8,35:8,124:0,35:8,69:9,19:0,19:0,19:0,19:0,19:0,19:0
19:0,19:0,19:0,19:0,19:0,19:0,19:0,19:0,19:0,35:7,35:7,35:7,35:7,35:7,35:7,35:7,69:12,35:7,35:7,35:7,35:7,35:7,35:7,35:7,19:0,19:0,19:0,19:0,19:0,19:0,19:0,19:0
19:0,19:0,19:0,19:0,19:0,19:0,19:0,19:0,19:0,19:0,35:7,35:7,35:7,35:7,35:7,35:7,35:8,35:7,35:7,35:7,35:7,35:7,35:7,19:0,19:0,19:0,19:0,19:0,19:0,19:0,19:0,19:0
19:0,19:0,19:0,19:0,19:0,19:0,19:0,19:0,19:0,19:0,19:0,19:0,19:0,19:0,35:7,35:7,124:0,35:7,35:7,19:0,19:0,19:0,19:0,19:0,19:0,19:0,19:0,19:0,19:0,19:0,19:0,19:0
19:0,19:0,19:0,19:0,19:0,19:0,19:0,19:0,19:0,19:0,19:0,19:0,19:0,19:0,35:7,35:7,35:8,35:7,35:7,19:0,19:0,19:0,19:0,19:0,19:0,19:0,19:0,19:0,19:0,19:0,19:0,19:0
19:0,19:0,19:0,19:0,19:0,19:0,19:0,19:0,19:0,19:0,19:0,19:0,19:0,19:0,35:7,35:7,35:8,35:7,35:7,19:0,19:0,19:0,19:0,19:0,19:0,19:0,19:0,19:0,19:0,19:0,19:0,19:0
19:0,19:0,19:0,19:0,19:0,19:0,19:0,19:0,19:0,19:0,19:0,19:0,19:0,19:0,35:7,35:7,35:8,35:7,35:7,19:0,19:0,19:0,19:0,19:0,19:0,19:0,19:0,19:0,19:0,19:0,19:0,19:0
19:0,19:0,19:0,19:0,19:0,19:0,19:0,19:0,19:0,19:0,19:0,19:0,19:0,19:0,19:0,35:7,124:0,35:7,19:0,19:0,19:0,19:0,19:0,19:0,19:0,19:0,19:0,19:0,19:0,19:0,19:0,19:0
19:0,19:0,19:0,19:0,19:0,19:0,19:0,19:0,19:0,19:0,19:0,19:0,19:0,19:0,19:0,19:0,35:8,19:0,19:0,19:0,19:0,19:0,19:0,19:0,19:0,19:0,19:0,19:0,19:0,19:0,19:0,19:0
19:0,19:0,19:0,19:0,19:0,19:0,19:0,19:0,19:0,19:0,19:0,19:0,19:0,19:0,19:0,19:0,69:11,19:0,19:0,19:0,19:0,19:0,19:0,19:0,19:0,19:0,19:0,19:0,19:0,19:0,19:0,19:0
19:0,19:0,19:0,19:0,19:0,19:0,19:0,19:0,19:0,19:0,19:0,19:0,19:0,19:0,19:0,19:0,19:0,19:0,19:0,19:0,19:0,19:0,19:0,19:0,19:0,19:0,19:0,19:0,19:0,19:0,19:0,19:0
19:0,19:0,19:0,19:0,19:0,19:0,19:0,19:0,19:0,19:0,19:0,19:0,19:0,19:0,19:0,19:0,19:0,19:0,19:0,19:0,19:0,19:0,19:0,19:0,19:0,19:0,19:0,19:0,19:0,19:0,19:0,19:0
19:0,19:0,19:0,19:0,19:0,19:0,19:0,19:0,19:0,19:0,19:0,19:0,19:0,19:0,19:0,19:0,19:0,19:0,19:0,19:0,19:0,19:0,19:0,19:0,19:0,19:0,19:0,19:0,19:0,19:0,19:0,19:0
19:0,19:0,19:0,19:0,19:0,19:0,19:0,19:0,19:0,19:0,19:0,19:0,19:0,19:0,19:0,19:0,19:0,19:0,19:0,19:0,19:0,19:0,19:0,19:0,19:0,19:0,19:0,19:0,19:0,19:0,19:0,19:0
19:0,19:0,19:0,19:0,19:0,19:0,19:0,19:0,19:0,19:0,19:0,19:0,19:0,19:0,19:0,19:0,19:0,19:0,19:0,19:0,19:0,19:0,19:0,19:0,19:0,19:0,19:0,19:0,19:0,19:0,19:0,19:0
19:0,19:0,19:0,19:0,19:0,19:0,19:0,19:0,19:0,19:0,19:0,19:0,19:0,19:0,19:0,19:0,19:0,19:0,19:0,19:0,19:0,19:0,19:0,19:0,19:0,19:0,19:0,19:0,19:0,19:0,19:0,19:0
